{
  "resourceType" : "Bundle",
  "id" : "30128b42-55e1-4033-9e87-e38b2cdb0c96",
  "meta" : {
    "lastUpdated" : "2022-03-17T17:34:21.235+00:00"
  },
  "type" : "collection",
  "entry" : [{
    "fullUrl" : "http://hl7belgium.org/fhir/riziv-medicationrecord/ValueSet/medication-substitution-dispense-v1",
    "resource" : {
      "resourceType" : "ValueSet",
      "id" : "medication-substitution-dispense-v1",
      "text" : {
        "status" : "generated",
        "div" : "<div xmlns=\"http://www.w3.org/1999/xhtml\"><p>This value set contains 5 concepts</p><div style=\"border: black 1px dotted; background-color: #EEEEEE; padding: 8px; margin-bottom: 8px\"><p>Expansion based on: </p><ul><li><a href=\"http://terminology.hl7.org/3.1.0/CodeSystem-v3-ActReason.html\">ActReason v2.1.0 (CodeSystem)</a></li><li><a href=\"http://terminology.hl7.org/3.1.0/ValueSet-v3-SubstanceAdminSubstitutionReason.html\">SubstanceAdminSubstitutionReason v2.0.0 (ValueSet)</a></li></ul></div><p>All codes in this table are from the system <a href=\"http://terminology.hl7.org/3.1.0/CodeSystem-v3-ActReason.html\"><code>http://terminology.hl7.org/CodeSystem/v3-ActReason</code></a></p><table class=\"codes\"><tr><td style=\"white-space:nowrap\"><b>Code</b></td><td><b>Display</b></td><td><b>Definition</b></td></tr><tr><td style=\"white-space:nowrap\"><a name=\"http---terminology.hl7.org-CodeSystem-v3-ActReason-CT\"> </a>  <a href=\"http://terminology.hl7.org/3.1.0/CodeSystem-v3-ActReason.html#v3-ActReason-CT\">CT</a></td><td>continuing therapy</td><td>Indicates that the decision to substitute or to not substitute was driven by a desire to maintain consistency with a pre-existing therapy. I.e. The performer provided the same item/service as had been previously provided rather than providing exactly what was ordered, or rather than substituting with a lower-cost equivalent.</td></tr><tr><td style=\"white-space:nowrap\"><a name=\"http---terminology.hl7.org-CodeSystem-v3-ActReason-FP\"> </a>  <a href=\"http://terminology.hl7.org/3.1.0/CodeSystem-v3-ActReason.html#v3-ActReason-FP\">FP</a></td><td>formulary policy</td><td>Indicates that the decision to substitute or to not substitute was driven by a policy expressed within the formulary.</td></tr><tr><td style=\"white-space:nowrap\"><a name=\"http---terminology.hl7.org-CodeSystem-v3-ActReason-OS\"> </a>  <a href=\"http://terminology.hl7.org/3.1.0/CodeSystem-v3-ActReason.html#v3-ActReason-OS\">OS</a></td><td>out of stock</td><td>In the case of 'substitution', indicates that the substitution occurred because the ordered item was not in stock. In the case of 'no substitution', indicates that a cheaper equivalent was not substituted because it was not in stock.</td></tr><tr><td style=\"white-space:nowrap\"><a name=\"http---terminology.hl7.org-CodeSystem-v3-ActReason-RR\"> </a>  <a href=\"http://terminology.hl7.org/3.1.0/CodeSystem-v3-ActReason.html#v3-ActReason-RR\">RR</a></td><td>regulatory requirement</td><td>Indicates that the decision to substitute or to not substitute was driven by a jurisdictional regulatory requirement mandating or prohibiting substitution.</td></tr><tr><td style=\"white-space:nowrap\"><a name=\"http---terminology.hl7.org-CodeSystem-v3-ActReason-UNABLE\"> </a>  <a href=\"http://terminology.hl7.org/3.1.0/CodeSystem-v3-ActReason.html#v3-ActReason-UNABLE\">UNABLE</a></td><td>unable to use</td><td>**Description:**&lt;The patient is not (or is no longer) able to use the medication in a manner prescribed.\r\n\r\n**Example:**CanaTMt swallow.</td></tr></table></div>"
      },
      "url" : "http://hl7belgium.org/fhir/riziv-medicationrecord/ValueSet/medication-substitution-dispense-v1",
      "version" : "0.1.0-test",
      "name" : "SubstitutionReason",
      "title" : "Medication Substitution Value Set",
      "status" : "active",
      "date" : "2022-03-17T17:34:21+00:00",
      "publisher" : "HL7 Belgium",
      "contact" : [{
        "telecom" : [{
          "system" : "url",
          "value" : "http://hl7belgium.org"
        }]
      }],
      "description" : "Value set for substituting a medication on dispense.",
      "jurisdiction" : [{
        "coding" : [{
          "system" : "urn:iso:std:iso:3166",
          "code" : "BE"
        }]
      }],
      "expansion" : {
        "identifier" : "urn:uuid:257720ad-e9ea-43b1-b667-722ceea3fd6a",
        "timestamp" : "2022-03-17T17:35:10+00:00",
        "total" : 5,
        "parameter" : [{
          "name" : "excludeNested",
          "valueBoolean" : false
        },
        {
          "name" : "version",
          "valueUri" : "http://terminology.hl7.org/ValueSet/v3-SubstanceAdminSubstitutionReason|2.0.0"
        },
        {
          "name" : "version",
          "valueUri" : "http://terminology.hl7.org/CodeSystem/v3-ActReason|2.1.0"
        }],
        "contains" : [{
          "system" : "http://terminology.hl7.org/CodeSystem/v3-ActReason",
          "abstract" : false,
          "inactive" : false,
          "code" : "CT",
          "display" : "continuing therapy"
        },
        {
          "system" : "http://terminology.hl7.org/CodeSystem/v3-ActReason",
          "abstract" : false,
          "inactive" : false,
          "code" : "FP",
          "display" : "formulary policy"
        },
        {
          "system" : "http://terminology.hl7.org/CodeSystem/v3-ActReason",
          "abstract" : false,
          "inactive" : false,
          "code" : "OS",
          "display" : "out of stock"
        },
        {
          "system" : "http://terminology.hl7.org/CodeSystem/v3-ActReason",
          "abstract" : false,
          "inactive" : false,
          "code" : "RR",
          "display" : "regulatory requirement"
        },
        {
          "system" : "http://terminology.hl7.org/CodeSystem/v3-ActReason",
          "code" : "UNABLE",
          "display" : "unable to use"
        }]
      }
    }
  },
  {
    "fullUrl" : "http://hl7belgium.org/fhir/riziv-medicationrecord/ValueSet/be-vs-medication-summary-types",
    "resource" : {
      "resourceType" : "ValueSet",
      "id" : "be-vs-medication-summary-types",
      "text" : {
        "status" : "generated",
        "div" : "<div xmlns=\"http://www.w3.org/1999/xhtml\"><p>This value set contains 2 concepts</p><p style=\"border: black 1px dotted; background-color: #EEEEEE; padding: 8px; margin-bottom: 8px\">Expansion based on <a href=\"CodeSystem-be-cs-medication-summary-types.html\">Medication Summary Types CodeSystem v0.1.0-test (CodeSystem)</a></p><p>All codes in this table are from the system <a href=\"CodeSystem-be-cs-medication-summary-types.html\"><code>http://hl7belgium.org/fhir/riziv-medicationrecord/CodeSystem/be-cs-medication-summary-types</code></a></p><table class=\"codes\"><tr><td style=\"white-space:nowrap\"><b>Code</b></td><td><b>Display</b></td></tr><tr><td style=\"white-space:nowrap\"><a name=\"http---hl7belgium.org-fhir-riziv-medicationrecord-CodeSystem-be-cs-medication-summary-types-kmehr-ms-5.6\"> </a>  <a href=\"CodeSystem-be-cs-medication-summary-types.html#be-cs-medication-summary-types-kmehr-ms-5.466\">kmehr-ms-5.6</a></td><td>Belgian Medication Schema v5.6 - 09/2018</td></tr><tr><td style=\"white-space:nowrap\"><a name=\"http---hl7belgium.org-fhir-riziv-medicationrecord-CodeSystem-be-cs-medication-summary-types-kmehr-ms-5.5\"> </a>  <a href=\"CodeSystem-be-cs-medication-summary-types.html#be-cs-medication-summary-types-kmehr-ms-5.465\">kmehr-ms-5.5</a></td><td>Belgian Medication Schema v5.5 - 12-2017</td></tr></table></div>"
      },
      "url" : "http://hl7belgium.org/fhir/riziv-medicationrecord/ValueSet/be-vs-medication-summary-types",
      "version" : "0.1.0-test",
      "name" : "BeVSMedicationSummaryTypes",
      "title" : "Medication Summary Types Value Set",
      "status" : "active",
      "date" : "2022-03-17T17:34:21+00:00",
      "publisher" : "HL7 Belgium",
      "contact" : [{
        "telecom" : [{
          "system" : "url",
          "value" : "http://hl7belgium.org"
        }]
      }],
      "description" : "Valueset -  Medication Summary types",
      "jurisdiction" : [{
        "coding" : [{
          "system" : "urn:iso:std:iso:3166",
          "code" : "BE"
        }]
      }],
      "expansion" : {
        "identifier" : "urn:uuid:c10e09f4-aca2-466f-8a3d-a4f35f366003",
        "timestamp" : "2022-03-17T17:35:16+00:00",
        "total" : 2,
        "parameter" : [{
          "name" : "excludeNested",
          "valueBoolean" : false
        },
        {
          "name" : "version",
          "valueUri" : "http://hl7belgium.org/fhir/riziv-medicationrecord/CodeSystem/be-cs-medication-summary-types|0.1.0-test"
        }],
        "contains" : [{
          "system" : "http://hl7belgium.org/fhir/riziv-medicationrecord/CodeSystem/be-cs-medication-summary-types",
          "code" : "kmehr-ms-5.6",
          "display" : "Belgian Medication Schema v5.6 - 09/2018"
        },
        {
          "system" : "http://hl7belgium.org/fhir/riziv-medicationrecord/CodeSystem/be-cs-medication-summary-types",
          "code" : "kmehr-ms-5.5",
          "display" : "Belgian Medication Schema v5.5 - 12-2017"
        }]
      }
    }
  }]
}