<?xml version="1.0" encoding="UTF-8"?>

<ExampleScenario xmlns="http://hl7.org/fhir">
  <id value="example-8-scenario"/>
  <text>
    <status value="generated"/><div xmlns="http://www.w3.org/1999/xhtml"><p><b>Generated Narrative</b></p><div style="display: inline-block; background-color: #d9e0e7; padding: 6px; margin: 4px; border: 1px solid #8da1b4; border-radius: 5px; line-height: 60%"><p style="margin-bottom: 0px">Resource "example-8-scenario" </p></div><p><b>url</b>: <code>http://hl7belgium.org/fhir/riziv-medicationrecord/ExampleScenario/example-8-scenario</code></p><p><b>version</b>: 0.1.0-test</p><p><b>name</b>: MedicationStopped</p><p><b>status</b>: draft</p><p><b>experimental</b>: false</p><p><b>date</b>: 2019-09-11 12:00:00+0100</p><p><b>publisher</b>: HL7 Belgium</p><p><b>contact</b>: <a href="http://hl7belgium.org">http://hl7belgium.org</a></p><p><b>jurisdiction</b>: Belgium <span style="background: LightGoldenRodYellow; margin: 4px; border: 1px solid khaki"> (unknown#BE)</span></p><blockquote><p><b>actor</b></p><p><b>actorId</b>: PATIENT</p><p><b>type</b>: person</p><p><b>name</b>: Pia Peters</p></blockquote><blockquote><p><b>actor</b></p><p><b>actorId</b>: GP</p><p><b>type</b>: person</p><p><b>name</b>: Dr. Durant</p></blockquote><blockquote><p><b>actor</b></p><p><b>actorId</b>: VAULT</p><p><b>type</b>: entity</p><p><b>name</b>: Vault</p></blockquote><blockquote><p><b>actor</b></p><p><b>actorId</b>: PHARM</p><p><b>type</b>: person</p><p><b>name</b>: Pharmacist</p></blockquote><blockquote><p><b>instance</b></p><p><b>resourceId</b>: 8-prescription</p><p><b>resourceType</b>: MedicationRequest</p><p><b>name</b>: New prescription</p></blockquote><blockquote><p><b>instance</b></p><p><b>resourceId</b>: EB</p><p><b>resourceType</b>: Bundle</p><p><b>name</b>: Empty Bundle</p></blockquote><blockquote><p><b>instance</b></p><p><b>resourceId</b>: 8-treatmentLine</p><p><b>resourceType</b>: MedicationStatement</p><p><b>name</b>: New Treatment Line based on prescription</p></blockquote><blockquote><p><b>instance</b></p><p><b>resourceId</b>: 8-treatment</p><p><b>resourceType</b>: CarePlan</p><p><b>name</b>: New Treatment based on prescription</p></blockquote><blockquote><p><b>instance</b></p><p><b>resourceId</b>: 8-dispense</p><p><b>resourceType</b>: MedicationDispense</p><p><b>name</b>: Dispense</p></blockquote><blockquote><p><b>instance</b></p><p><b>resourceId</b>: 8-administration</p><p><b>resourceType</b>: MedicationAdministration</p><p><b>name</b>: Drug administration</p></blockquote><blockquote><p><b>instance</b></p><p><b>resourceId</b>: 8-usage</p><p><b>resourceType</b>: MedicationStatement</p><p><b>name</b>: Report of non taking drug</p></blockquote><blockquote><p><b>process</b></p><p><b>title</b>: Dispense of medication that was prescribed, but not taken till the end</p><p><b>description</b>: description</p><p><b>preConditions</b>: After a GP visit, the patient Pia Peters is prescribed amoxicillin + clavulanic acid 875 mg + 125 mg for a pharyngitis for the conclusion of the package. The pharmacist, dispensed Amoxiclav Sandoz 875/125.  However, after 1 take, the patient stopped doing the medication because the patient had an alergic reaction.  </p><p><b>postConditions</b>: A grouping of the prescription, dispense, and administration are coupled together within a treatment line, the new prescription should start a new treatment line under the same treatment.</p><blockquote><p><b>step</b></p><blockquote><p><b>process</b></p><p><b>title</b>: Initial Contact</p></blockquote></blockquote><blockquote><p><b>step</b></p><blockquote><p><b>process</b></p><p><b>title</b>: Treatment resources Creation</p></blockquote></blockquote><blockquote><p><b>step</b></p><blockquote><p><b>process</b></p><p><b>title</b>: Dispense</p></blockquote></blockquote><blockquote><p><b>step</b></p><blockquote><p><b>process</b></p><p><b>title</b>: Treatment Resources Update</p></blockquote></blockquote></blockquote></div>
  </text>
  <url value="http://hl7belgium.org/fhir/riziv-medicationrecord/ExampleScenario/example-8-scenario"/>
  <version value="0.1.0-test"/>
  <name value="MedicationStopped"/>
  <status value="draft"/>
  <experimental value="false"/>
  <date value="2019-09-11T00:00:00.000+01:00"/>
  <publisher value="HL7 Belgium"/>
  <contact>
    <telecom>
      <system value="url"/>
      <value value="http://hl7belgium.org"/>
    </telecom>
  </contact>
  <jurisdiction>
    <coding>
      <system value="urn:iso:std:iso:3166"/>
      <code value="BE"/>
    </coding>
  </jurisdiction>
  <actor>
    <actorId value="PATIENT"/>
    <type value="person"/>
    <name value="Pia Peters"/>
  </actor>
  <actor>
    <actorId value="GP"/>
    <type value="person"/>
    <name value="Dr. Durant"/>
  </actor>
  <actor>
    <actorId value="VAULT"/>
    <type value="entity"/>
    <name value="Vault"/>
  </actor>
  <actor>
    <actorId value="PHARM"/>
    <type value="person"/>
    <name value="Pharmacist"/>
  </actor>
  <instance>
    <resourceId value="8-prescription"/>
    <resourceType value="MedicationRequest"/>
    <name value="New prescription"/>
  </instance>
  <instance>
    <resourceId value="EB"/>
    <resourceType value="Bundle"/>
    <name value="Empty Bundle"/>
  </instance>
  <instance>
    <resourceId value="8-treatmentLine"/>
    <resourceType value="MedicationStatement"/>
    <name value="New Treatment Line based on prescription"/>
  </instance>
  <instance>
    <resourceId value="8-treatment"/>
    <resourceType value="CarePlan"/>
    <name value="New Treatment based on prescription"/>
  </instance>
  <instance>
    <resourceId value="8-dispense"/>
    <resourceType value="MedicationDispense"/>
    <name value="Dispense"/>
  </instance>
  <instance>
    <resourceId value="8-administration"/>
    <resourceType value="MedicationAdministration"/>
    <name value="Drug administration"/>
  </instance>
  <instance>
    <resourceId value="8-usage"/>
    <resourceType value="MedicationStatement"/>
    <name value="Report of non taking drug"/>
  </instance>
  <process>
    <title value="Dispense of medication that was prescribed, but not taken till the end"/>
    <description value="description"/>
    <preConditions value="After a GP visit, the patient Pia Peters is prescribed amoxicillin + clavulanic acid 875 mg + 125 mg for a pharyngitis for the conclusion of the package. The pharmacist, dispensed Amoxiclav Sandoz 875/125.  However, after 1 take, the patient stopped doing the medication because the patient had an alergic reaction.  "/>
    <postConditions value="A grouping of the prescription, dispense, and administration are coupled together within a treatment line, the new prescription should start a new treatment line under the same treatment."/>
    <step>
      <process>
        <title value="Initial Contact"/>
        <step>
          <operation>
            <number value="1"/>
            <name value="Goes to appointment"/>
            <initiator value="PATIENT"/>
            <receiver value="GP"/>
          </operation>
        </step>
        <step>
          <operation>
            <number value="2"/>
            <name value="Get Patient's Medication"/>
            <initiator value="GP"/>
            <receiver value="VAULT"/>
            <response>
              <resourceId value="EB"/>
            </response>
          </operation>
        </step>
        <step>
          <operation>
            <number value="3"/>
            <name value="Create new prescription"/>
            <initiator value="GP"/>
            <receiver value="VAULT"/>
            <request>
              <resourceId value="8-prescription"/>
            </request>
          </operation>
        </step>
      </process>
    </step>
    <step>
      <process>
        <title value="Treatment resources Creation"/>
        <step>
          <operation>
            <number value="4"/>
            <name value="Create new treatment"/>
            <initiator value="VAULT"/>
            <receiver value="VAULT"/>
            <request>
              <resourceId value="8-treatment"/>
            </request>
          </operation>
        </step>
        <step>
          <operation>
            <number value="5"/>
            <name value="Create new treatment Line"/>
            <initiator value="VAULT"/>
            <receiver value="VAULT"/>
            <request>
              <resourceId value="8-treatmentLine"/>
            </request>
          </operation>
        </step>
      </process>
    </step>
    <step>
      <process>
        <title value="Dispense"/>
        <step>
          <operation>
            <number value="6"/>
            <name value="Get patient's Prescriptions"/>
            <initiator value="PHARM"/>
            <receiver value="VAULT"/>
            <response>
              <resourceId value="EB"/>
            </response>
          </operation>
        </step>
        <step>
          <operation>
            <number value="7"/>
            <name value="Dispense"/>
            <initiator value="PHARM"/>
            <receiver value="VAULT"/>
            <request>
              <resourceId value="8-dispense"/>
            </request>
          </operation>
        </step>
        <step>
          <operation>
            <number value="8"/>
            <name value="Stopping the taking of drug due to an adverse event"/>
            <initiator value="PATIENT"/>
            <receiver value="VAULT"/>
            <request>
              <resourceId value="8-administration"/>
            </request>
          </operation>
        </step>
        <step>
          <operation>
            <number value="9"/>
            <name value="Report the stopage of the taking"/>
            <initiator value="PATIENT"/>
            <receiver value="VAULT"/>
            <request>
              <resourceId value="8-usage"/>
            </request>
          </operation>
        </step>
      </process>
    </step>
    <step>
      <process>
        <title value="Treatment Resources Update"/>
        <step>
          <operation>
            <number value="10"/>
            <name value="Update treatment"/>
            <initiator value="VAULT"/>
            <receiver value="VAULT"/>
            <request>
              <resourceId value="8-treatment"/>
            </request>
          </operation>
        </step>
        <step>
          <operation>
            <number value="11"/>
            <name value="Update treatment Line"/>
            <initiator value="VAULT"/>
            <receiver value="VAULT"/>
            <request>
              <resourceId value="8-treatmentLine"/>
            </request>
          </operation>
        </step>
      </process>
    </step>
  </process>
</ExampleScenario>