<?xml version="1.0" encoding="UTF-8"?>

<StructureDefinition xmlns="http://hl7.org/fhir">
  <id value="BeModelMedicationRecord"/>
  <text>
    <status value="extensions"/><div xmlns="http://www.w3.org/1999/xhtml"><table border="0" cellpadding="0" cellspacing="0" style="border: 0px #F0F0F0 solid; font-size: 11px; font-family: verdana; vertical-align: top;"><tr style="border: 1px #F0F0F0 solid; font-size: 11px; font-family: verdana; vertical-align: top"><th style="vertical-align: top; text-align : left; background-color: white; border: 0px #F0F0F0 solid; padding:0px 4px 0px 4px" class="hierarchy"><a href="http://hl7.org/fhir/R4/formats.html#table" title="The logical name of the element">Name</a></th><th style="vertical-align: top; text-align : left; background-color: white; border: 0px #F0F0F0 solid; padding:0px 4px 0px 4px" class="hierarchy"><a href="http://hl7.org/fhir/R4/formats.html#table" title="Information about the use of the element">Flags</a></th><th style="vertical-align: top; text-align : left; background-color: white; border: 0px #F0F0F0 solid; padding:0px 4px 0px 4px" class="hierarchy"><a href="http://hl7.org/fhir/R4/formats.html#table" title="Minimum and Maximum # of times the the element can appear in the instance">Card.</a></th><th style="width: 100px" class="hierarchy"><a href="http://hl7.org/fhir/R4/formats.html#table" title="Reference to the type of the element">Type</a></th><th style="vertical-align: top; text-align : left; background-color: white; border: 0px #F0F0F0 solid; padding:0px 4px 0px 4px" class="hierarchy"><a href="http://hl7.org/fhir/R4/formats.html#table" title="Additional information about the element">Description &amp; Constraints</a><span style="float: right"><a href="http://hl7.org/fhir/R4/formats.html#table" title="Legend for this format"><img src="http://hl7.org/fhir/R4/help16.png" alt="doco" style="background-color: inherit"/></a></span></th></tr><tr style="border: 0px #F0F0F0 solid; padding:0px; vertical-align: top; background-color: white"><td style="vertical-align: top; text-align : left; background-color: white; border: 0px #F0F0F0 solid; padding:0px 4px 0px 4px; white-space: nowrap; background-image: url(tbl_bck1.png)" class="hierarchy"><img src="tbl_spacer.png" alt="." style="background-color: inherit" class="hierarchy"/><img src="icon_element.gif" alt="." style="background-color: white; background-color: inherit" title="Element" class="hierarchy"/> <a href="StructureDefinition-BeModelMedicationRecord-definitions.html#BeModelMedicationRecord" title="A model for a structure collection of a patient's medication history.">BeModelMedicationRecord</a><a name="BeModelMedicationRecord"> </a></td><td style="vertical-align: top; text-align : left; background-color: white; border: 0px #F0F0F0 solid; padding:0px 4px 0px 4px" class="hierarchy"/><td style="vertical-align: top; text-align : left; background-color: white; border: 0px #F0F0F0 solid; padding:0px 4px 0px 4px" class="hierarchy"><span style="opacity: 0.5">0</span><span style="opacity: 0.5">..</span><span style="opacity: 0.5">*</span></td><td style="vertical-align: top; text-align : left; background-color: white; border: 0px #F0F0F0 solid; padding:0px 4px 0px 4px" class="hierarchy"/><td style="vertical-align: top; text-align : left; background-color: white; border: 0px #F0F0F0 solid; padding:0px 4px 0px 4px" class="hierarchy">Medication Record logical model</td></tr>
<tr style="border: 0px #F0F0F0 solid; padding:0px; vertical-align: top; background-color: #F7F7F7"><td style="vertical-align: top; text-align : left; background-color: #F7F7F7; border: 0px #F0F0F0 solid; padding:0px 4px 0px 4px; white-space: nowrap; background-image: url(tbl_bck10.png)" class="hierarchy"><img src="tbl_spacer.png" alt="." style="background-color: inherit" class="hierarchy"/><img src="tbl_vjoin.png" alt="." style="background-color: inherit" class="hierarchy"/><img src="icon_datatype.gif" alt="." style="background-color: #F7F7F7; background-color: inherit" title="Data Type" class="hierarchy"/> <a href="StructureDefinition-BeModelMedicationRecord-definitions.html#BeModelMedicationRecord.identifier" title="The business identifier(s) for the Medication Record">identifier</a><a name="BeModelMedicationRecord.identifier"> </a></td><td style="vertical-align: top; text-align : left; background-color: #F7F7F7; border: 0px #F0F0F0 solid; padding:0px 4px 0px 4px" class="hierarchy"/><td style="vertical-align: top; text-align : left; background-color: #F7F7F7; border: 0px #F0F0F0 solid; padding:0px 4px 0px 4px" class="hierarchy">0..1</td><td style="vertical-align: top; text-align : left; background-color: #F7F7F7; border: 0px #F0F0F0 solid; padding:0px 4px 0px 4px" class="hierarchy"><a href="http://hl7.org/fhir/R4/datatypes.html#Identifier">Identifier</a></td><td style="vertical-align: top; text-align : left; background-color: #F7F7F7; border: 0px #F0F0F0 solid; padding:0px 4px 0px 4px" class="hierarchy">The business identifier(s) for the Medication Record</td></tr>
<tr style="border: 0px #F0F0F0 solid; padding:0px; vertical-align: top; background-color: white"><td style="vertical-align: top; text-align : left; background-color: white; border: 0px #F0F0F0 solid; padding:0px 4px 0px 4px; white-space: nowrap; background-image: url(tbl_bck10.png)" class="hierarchy"><img src="tbl_spacer.png" alt="." style="background-color: inherit" class="hierarchy"/><img src="tbl_vjoin.png" alt="." style="background-color: inherit" class="hierarchy"/><img src="icon_reference.png" alt="." style="background-color: white; background-color: inherit" title="Reference to another Resource" class="hierarchy"/> <a href="StructureDefinition-BeModelMedicationRecord-definitions.html#BeModelMedicationRecord.patient" title="The subject of the medication record">patient</a><a name="BeModelMedicationRecord.patient"> </a></td><td style="vertical-align: top; text-align : left; background-color: white; border: 0px #F0F0F0 solid; padding:0px 4px 0px 4px" class="hierarchy"/><td style="vertical-align: top; text-align : left; background-color: white; border: 0px #F0F0F0 solid; padding:0px 4px 0px 4px" class="hierarchy">1..1</td><td style="vertical-align: top; text-align : left; background-color: white; border: 0px #F0F0F0 solid; padding:0px 4px 0px 4px" class="hierarchy"><a href="http://hl7.org/fhir/R4/references.html">Reference</a>()</td><td style="vertical-align: top; text-align : left; background-color: white; border: 0px #F0F0F0 solid; padding:0px 4px 0px 4px" class="hierarchy">The subject of the medication record</td></tr>
<tr style="border: 0px #F0F0F0 solid; padding:0px; vertical-align: top; background-color: #F7F7F7"><td style="vertical-align: top; text-align : left; background-color: #F7F7F7; border: 0px #F0F0F0 solid; padding:0px 4px 0px 4px; white-space: nowrap; background-image: url(tbl_bck10.png)" class="hierarchy"><img src="tbl_spacer.png" alt="." style="background-color: inherit" class="hierarchy"/><img src="tbl_vjoin.png" alt="." style="background-color: inherit" class="hierarchy"/><img src="icon_resource.png" alt="." style="background-color: #F7F7F7; background-color: inherit" title="Resource" class="hierarchy"/> <a href="StructureDefinition-BeModelMedicationRecord-definitions.html#BeModelMedicationRecord.treatments" title="The treaments that are included in this record">treatments</a><a name="BeModelMedicationRecord.treatments"> </a></td><td style="vertical-align: top; text-align : left; background-color: #F7F7F7; border: 0px #F0F0F0 solid; padding:0px 4px 0px 4px" class="hierarchy"/><td style="vertical-align: top; text-align : left; background-color: #F7F7F7; border: 0px #F0F0F0 solid; padding:0px 4px 0px 4px" class="hierarchy">0..*</td><td style="vertical-align: top; text-align : left; background-color: #F7F7F7; border: 0px #F0F0F0 solid; padding:0px 4px 0px 4px" class="hierarchy"><a href="StructureDefinition-BeModelMedicationRecordTreatment.html">http://hl7belgium.org/fhir/riziv-medicationrecord/StructureDefinition/BeModelMedicationRecordTreatment</a></td><td style="vertical-align: top; text-align : left; background-color: #F7F7F7; border: 0px #F0F0F0 solid; padding:0px 4px 0px 4px" class="hierarchy">The treaments that are included in this record<br/></td></tr>
<tr style="border: 0px #F0F0F0 solid; padding:0px; vertical-align: top; background-color: white"><td style="vertical-align: top; text-align : left; background-color: white; border: 0px #F0F0F0 solid; padding:0px 4px 0px 4px; white-space: nowrap; background-image: url(tbl_bck10.png)" class="hierarchy"><img src="tbl_spacer.png" alt="." style="background-color: inherit" class="hierarchy"/><img src="tbl_vjoin.png" alt="." style="background-color: inherit" class="hierarchy"/><img src="icon_resource.png" alt="." style="background-color: white; background-color: inherit" title="Resource" class="hierarchy"/> <a href="StructureDefinition-BeModelMedicationRecord-definitions.html#BeModelMedicationRecord.treatmentLines" title="The treatment lines that are included in this record">treatmentLines</a><a name="BeModelMedicationRecord.treatmentLines"> </a></td><td style="vertical-align: top; text-align : left; background-color: white; border: 0px #F0F0F0 solid; padding:0px 4px 0px 4px" class="hierarchy"/><td style="vertical-align: top; text-align : left; background-color: white; border: 0px #F0F0F0 solid; padding:0px 4px 0px 4px" class="hierarchy">0..*</td><td style="vertical-align: top; text-align : left; background-color: white; border: 0px #F0F0F0 solid; padding:0px 4px 0px 4px" class="hierarchy"><a href="StructureDefinition-BeModelMedicationRecordTreatmentLine.html">http://hl7belgium.org/fhir/riziv-medicationrecord/StructureDefinition/BeModelMedicationRecordTreatmentLine</a></td><td style="vertical-align: top; text-align : left; background-color: white; border: 0px #F0F0F0 solid; padding:0px 4px 0px 4px" class="hierarchy">The treatment lines that are included in this record<br/></td></tr>
<tr style="border: 0px #F0F0F0 solid; padding:0px; vertical-align: top; background-color: #F7F7F7"><td style="vertical-align: top; text-align : left; background-color: #F7F7F7; border: 0px #F0F0F0 solid; padding:0px 4px 0px 4px; white-space: nowrap; background-image: url(tbl_bck10.png)" class="hierarchy"><img src="tbl_spacer.png" alt="." style="background-color: inherit" class="hierarchy"/><img src="tbl_vjoin.png" alt="." style="background-color: inherit" class="hierarchy"/><img src="icon_resource.png" alt="." style="background-color: #F7F7F7; background-color: inherit" title="Resource" class="hierarchy"/> <a href="StructureDefinition-BeModelMedicationRecord-definitions.html#BeModelMedicationRecord.summaryView" title="The summary views that are produced from this record or entered into it">summaryView</a><a name="BeModelMedicationRecord.summaryView"> </a></td><td style="vertical-align: top; text-align : left; background-color: #F7F7F7; border: 0px #F0F0F0 solid; padding:0px 4px 0px 4px" class="hierarchy"/><td style="vertical-align: top; text-align : left; background-color: #F7F7F7; border: 0px #F0F0F0 solid; padding:0px 4px 0px 4px" class="hierarchy">0..*</td><td style="vertical-align: top; text-align : left; background-color: #F7F7F7; border: 0px #F0F0F0 solid; padding:0px 4px 0px 4px" class="hierarchy"><a href="StructureDefinition-BeModelMedicationRecordSummaryView.html">http://hl7belgium.org/fhir/riziv-medicationrecord/StructureDefinition/BeModelMedicationRecordSummaryView</a></td><td style="vertical-align: top; text-align : left; background-color: #F7F7F7; border: 0px #F0F0F0 solid; padding:0px 4px 0px 4px" class="hierarchy">The summary views that are produced from this record or entered into it<br/></td></tr>
<tr style="border: 0px #F0F0F0 solid; padding:0px; vertical-align: top; background-color: white"><td style="vertical-align: top; text-align : left; background-color: white; border: 0px #F0F0F0 solid; padding:0px 4px 0px 4px; white-space: nowrap; background-image: url(tbl_bck11.png)" class="hierarchy"><img src="tbl_spacer.png" alt="." style="background-color: inherit" class="hierarchy"/><img src="tbl_vjoin.png" alt="." style="background-color: inherit" class="hierarchy"/><img src="icon_datatype.gif" alt="." style="background-color: white; background-color: inherit" title="Data Type" class="hierarchy"/> <a href="StructureDefinition-BeModelMedicationRecord-definitions.html#BeModelMedicationRecord.detailedRecords" title="Detailed records - the most granular interactions">detailedRecords</a><a name="BeModelMedicationRecord.detailedRecords"> </a></td><td style="vertical-align: top; text-align : left; background-color: white; border: 0px #F0F0F0 solid; padding:0px 4px 0px 4px" class="hierarchy"/><td style="vertical-align: top; text-align : left; background-color: white; border: 0px #F0F0F0 solid; padding:0px 4px 0px 4px" class="hierarchy">0..*</td><td style="vertical-align: top; text-align : left; background-color: white; border: 0px #F0F0F0 solid; padding:0px 4px 0px 4px" class="hierarchy"><a href="http://hl7.org/fhir/R4/datatypes.html#BackboneElement">BackboneElement</a></td><td style="vertical-align: top; text-align : left; background-color: white; border: 0px #F0F0F0 solid; padding:0px 4px 0px 4px" class="hierarchy">Detailed records<br/></td></tr>
<tr style="border: 0px #F0F0F0 solid; padding:0px; vertical-align: top; background-color: #F7F7F7"><td style="vertical-align: top; text-align : left; background-color: #F7F7F7; border: 0px #F0F0F0 solid; padding:0px 4px 0px 4px; white-space: nowrap; background-image: url(tbl_bck110.png)" class="hierarchy"><img src="tbl_spacer.png" alt="." style="background-color: inherit" class="hierarchy"/><img src="tbl_vline.png" alt="." style="background-color: inherit" class="hierarchy"/><img src="tbl_vjoin.png" alt="." style="background-color: inherit" class="hierarchy"/><img src="icon_resource.png" alt="." style="background-color: #F7F7F7; background-color: inherit" title="Resource" class="hierarchy"/> <a href="StructureDefinition-BeModelMedicationRecord-definitions.html#BeModelMedicationRecord.detailedRecords.orders" title="Explicit or implicit order for medication use or changes">orders</a><a name="BeModelMedicationRecord.detailedRecords.orders"> </a></td><td style="vertical-align: top; text-align : left; background-color: #F7F7F7; border: 0px #F0F0F0 solid; padding:0px 4px 0px 4px" class="hierarchy"/><td style="vertical-align: top; text-align : left; background-color: #F7F7F7; border: 0px #F0F0F0 solid; padding:0px 4px 0px 4px" class="hierarchy">0..*</td><td style="vertical-align: top; text-align : left; background-color: #F7F7F7; border: 0px #F0F0F0 solid; padding:0px 4px 0px 4px" class="hierarchy"><a href="StructureDefinition-BeModelMedicationRecordOrder.html">http://hl7belgium.org/fhir/riziv-medicationrecord/StructureDefinition/BeModelMedicationRecordOrder</a></td><td style="vertical-align: top; text-align : left; background-color: #F7F7F7; border: 0px #F0F0F0 solid; padding:0px 4px 0px 4px" class="hierarchy">Explicit or implicit order for medication use or changes<br/></td></tr>
<tr style="border: 0px #F0F0F0 solid; padding:0px; vertical-align: top; background-color: white"><td style="vertical-align: top; text-align : left; background-color: white; border: 0px #F0F0F0 solid; padding:0px 4px 0px 4px; white-space: nowrap; background-image: url(tbl_bck110.png)" class="hierarchy"><img src="tbl_spacer.png" alt="." style="background-color: inherit" class="hierarchy"/><img src="tbl_vline.png" alt="." style="background-color: inherit" class="hierarchy"/><img src="tbl_vjoin.png" alt="." style="background-color: inherit" class="hierarchy"/><img src="icon_resource.png" alt="." style="background-color: white; background-color: inherit" title="Resource" class="hierarchy"/> <a href="StructureDefinition-BeModelMedicationRecord-definitions.html#BeModelMedicationRecord.detailedRecords.schedule" title="Scheduled administrations of the medication">schedule</a><a name="BeModelMedicationRecord.detailedRecords.schedule"> </a></td><td style="vertical-align: top; text-align : left; background-color: white; border: 0px #F0F0F0 solid; padding:0px 4px 0px 4px" class="hierarchy"/><td style="vertical-align: top; text-align : left; background-color: white; border: 0px #F0F0F0 solid; padding:0px 4px 0px 4px" class="hierarchy">0..*</td><td style="vertical-align: top; text-align : left; background-color: white; border: 0px #F0F0F0 solid; padding:0px 4px 0px 4px" class="hierarchy"><a href="StructureDefinition-BeModelMedicationScheduledAdministration.html">http://hl7belgium.org/fhir/riziv-medicationrecord/StructureDefinition/BeModelMedicationScheduledAdministration</a></td><td style="vertical-align: top; text-align : left; background-color: white; border: 0px #F0F0F0 solid; padding:0px 4px 0px 4px" class="hierarchy">Scheduled administrations of the medication<br/></td></tr>
<tr style="border: 0px #F0F0F0 solid; padding:0px; vertical-align: top; background-color: #F7F7F7"><td style="vertical-align: top; text-align : left; background-color: #F7F7F7; border: 0px #F0F0F0 solid; padding:0px 4px 0px 4px; white-space: nowrap; background-image: url(tbl_bck110.png)" class="hierarchy"><img src="tbl_spacer.png" alt="." style="background-color: inherit" class="hierarchy"/><img src="tbl_vline.png" alt="." style="background-color: inherit" class="hierarchy"/><img src="tbl_vjoin.png" alt="." style="background-color: inherit" class="hierarchy"/><img src="icon_resource.png" alt="." style="background-color: #F7F7F7; background-color: inherit" title="Resource" class="hierarchy"/> <a href="StructureDefinition-BeModelMedicationRecord-definitions.html#BeModelMedicationRecord.detailedRecords.dispenses" title="Registered or reported dispenses">dispenses</a><a name="BeModelMedicationRecord.detailedRecords.dispenses"> </a></td><td style="vertical-align: top; text-align : left; background-color: #F7F7F7; border: 0px #F0F0F0 solid; padding:0px 4px 0px 4px" class="hierarchy"/><td style="vertical-align: top; text-align : left; background-color: #F7F7F7; border: 0px #F0F0F0 solid; padding:0px 4px 0px 4px" class="hierarchy">0..*</td><td style="vertical-align: top; text-align : left; background-color: #F7F7F7; border: 0px #F0F0F0 solid; padding:0px 4px 0px 4px" class="hierarchy"><a href="StructureDefinition-BeModelMedicationRecordDispense.html">http://hl7belgium.org/fhir/riziv-medicationrecord/StructureDefinition/BeModelMedicationRecordDispense</a></td><td style="vertical-align: top; text-align : left; background-color: #F7F7F7; border: 0px #F0F0F0 solid; padding:0px 4px 0px 4px" class="hierarchy">Registered or reported dispenses<br/></td></tr>
<tr style="border: 0px #F0F0F0 solid; padding:0px; vertical-align: top; background-color: white"><td style="vertical-align: top; text-align : left; background-color: white; border: 0px #F0F0F0 solid; padding:0px 4px 0px 4px; white-space: nowrap; background-image: url(tbl_bck110.png)" class="hierarchy"><img src="tbl_spacer.png" alt="." style="background-color: inherit" class="hierarchy"/><img src="tbl_vline.png" alt="." style="background-color: inherit" class="hierarchy"/><img src="tbl_vjoin.png" alt="." style="background-color: inherit" class="hierarchy"/><img src="icon_resource.png" alt="." style="background-color: white; background-color: inherit" title="Resource" class="hierarchy"/> <a href="StructureDefinition-BeModelMedicationRecord-definitions.html#BeModelMedicationRecord.detailedRecords.administrations" title="Registered or reported single administrations">administrations</a><a name="BeModelMedicationRecord.detailedRecords.administrations"> </a></td><td style="vertical-align: top; text-align : left; background-color: white; border: 0px #F0F0F0 solid; padding:0px 4px 0px 4px" class="hierarchy"/><td style="vertical-align: top; text-align : left; background-color: white; border: 0px #F0F0F0 solid; padding:0px 4px 0px 4px" class="hierarchy">0..*</td><td style="vertical-align: top; text-align : left; background-color: white; border: 0px #F0F0F0 solid; padding:0px 4px 0px 4px" class="hierarchy"><a href="StructureDefinition-BeModelMedicationRecordAdministration.html">http://hl7belgium.org/fhir/riziv-medicationrecord/StructureDefinition/BeModelMedicationRecordAdministration</a></td><td style="vertical-align: top; text-align : left; background-color: white; border: 0px #F0F0F0 solid; padding:0px 4px 0px 4px" class="hierarchy">Registered or reported single administrations<br/></td></tr>
<tr style="border: 0px #F0F0F0 solid; padding:0px; vertical-align: top; background-color: #F7F7F7"><td style="vertical-align: top; text-align : left; background-color: #F7F7F7; border: 0px #F0F0F0 solid; padding:0px 4px 0px 4px; white-space: nowrap; background-image: url(tbl_bck100.png)" class="hierarchy"><img src="tbl_spacer.png" alt="." style="background-color: inherit" class="hierarchy"/><img src="tbl_vline.png" alt="." style="background-color: inherit" class="hierarchy"/><img src="tbl_vjoin_end.png" alt="." style="background-color: inherit" class="hierarchy"/><img src="icon_resource.png" alt="." style="background-color: #F7F7F7; background-color: inherit" title="Resource" class="hierarchy"/> <a href="StructureDefinition-BeModelMedicationRecord-definitions.html#BeModelMedicationRecord.detailedRecords.usageReports" title="Reported statements of medication usage">usageReports</a><a name="BeModelMedicationRecord.detailedRecords.usageReports"> </a></td><td style="vertical-align: top; text-align : left; background-color: #F7F7F7; border: 0px #F0F0F0 solid; padding:0px 4px 0px 4px" class="hierarchy"/><td style="vertical-align: top; text-align : left; background-color: #F7F7F7; border: 0px #F0F0F0 solid; padding:0px 4px 0px 4px" class="hierarchy">0..*</td><td style="vertical-align: top; text-align : left; background-color: #F7F7F7; border: 0px #F0F0F0 solid; padding:0px 4px 0px 4px" class="hierarchy"><a href="StructureDefinition-BeModelMedicationRecordUsage.html">http://hl7belgium.org/fhir/riziv-medicationrecord/StructureDefinition/BeModelMedicationRecordUsage</a></td><td style="vertical-align: top; text-align : left; background-color: #F7F7F7; border: 0px #F0F0F0 solid; padding:0px 4px 0px 4px" class="hierarchy">Reported statements of medication usage<br/></td></tr>
<tr style="border: 0px #F0F0F0 solid; padding:0px; vertical-align: top; background-color: white"><td style="vertical-align: top; text-align : left; background-color: white; border: 0px #F0F0F0 solid; padding:0px 4px 0px 4px; white-space: nowrap; background-image: url(tbl_bck00.png)" class="hierarchy"><img src="tbl_spacer.png" alt="." style="background-color: inherit" class="hierarchy"/><img src="tbl_vjoin_end.png" alt="." style="background-color: inherit" class="hierarchy"/><img src="icon_resource.png" alt="." style="background-color: white; background-color: inherit" title="Resource" class="hierarchy"/> <a href="StructureDefinition-BeModelMedicationRecord-definitions.html#BeModelMedicationRecord.changeRecord" title="Change records and provenance for the medication record components">changeRecord</a><a name="BeModelMedicationRecord.changeRecord"> </a></td><td style="vertical-align: top; text-align : left; background-color: white; border: 0px #F0F0F0 solid; padding:0px 4px 0px 4px" class="hierarchy"/><td style="vertical-align: top; text-align : left; background-color: white; border: 0px #F0F0F0 solid; padding:0px 4px 0px 4px" class="hierarchy">0..*</td><td style="vertical-align: top; text-align : left; background-color: white; border: 0px #F0F0F0 solid; padding:0px 4px 0px 4px" class="hierarchy"><a href="http://hl7.org/fhir/R4/provenance.html">Provenance</a></td><td style="vertical-align: top; text-align : left; background-color: white; border: 0px #F0F0F0 solid; padding:0px 4px 0px 4px" class="hierarchy">Change records and provenance for the medication record components<br/></td></tr>
<tr><td colspan="5" class="hierarchy"><br/><a href="http://hl7.org/fhir/R4/formats.html#table" title="Legend for this format"><img src="http://hl7.org/fhir/R4/help16.png" alt="doco" style="background-color: inherit"/> Documentation for this format</a></td></tr></table></div>
  </text>
  <url value="http://hl7belgium.org/fhir/riziv-medicationrecord/StructureDefinition/BeModelMedicationRecord"/>
  <version value="0.1.0-test"/>
  <name value="BeModelMedicationRecord"/>
  <title value="Medication Record logical model"/>
  <status value="active"/>
  <date value="2022-04-08T09:50:16+00:00"/>
  <publisher value="HL7 Belgium"/>
  <contact>
    <telecom>
      <system value="url"/>
      <value value="http://hl7belgium.org"/>
    </telecom>
  </contact>
  <description value="A model for a structure collection of a patient's medication history."/>
  <jurisdiction>
    <coding>
      <system value="urn:iso:std:iso:3166"/>
      <code value="BE"/>
    </coding>
  </jurisdiction>
  <fhirVersion value="4.0.1"/>
  <mapping>
    <identity value="rim"/>
    <uri value="http://hl7.org/v3"/>
    <name value="RIM Mapping"/>
  </mapping>
  <kind value="logical"/>
  <abstract value="false"/>
  <type value="http://hl7belgium.org/fhir/riziv-medicationrecord/StructureDefinition/BeModelMedicationRecord"/>
  <baseDefinition value="http://hl7.org/fhir/StructureDefinition/Base"/>
  <derivation value="specialization"/>
  <snapshot>
    <element id="BeModelMedicationRecord">
      <path value="BeModelMedicationRecord"/>
      <short value="Medication Record logical model"/>
      <definition value="A model for a structure collection of a patient's medication history."/>
      <min value="0"/>
      <max value="*"/>
      <base>
        <path value="Base"/>
        <min value="0"/>
        <max value="*"/>
      </base>
      <isModifier value="false"/>
    </element>
    <element id="BeModelMedicationRecord.identifier">
      <path value="BeModelMedicationRecord.identifier"/>
      <short value="The business identifier(s) for the Medication Record"/>
      <definition value="The business identifier(s) for the Medication Record"/>
      <min value="0"/>
      <max value="1"/>
      <base>
        <path value="BeModelMedicationRecord.identifier"/>
        <min value="0"/>
        <max value="1"/>
      </base>
      <type>
        <code value="Identifier"/>
      </type>
    </element>
    <element id="BeModelMedicationRecord.patient">
      <path value="BeModelMedicationRecord.patient"/>
      <short value="The subject of the medication record"/>
      <definition value="The subject of the medication record"/>
      <min value="1"/>
      <max value="1"/>
      <base>
        <path value="BeModelMedicationRecord.patient"/>
        <min value="1"/>
        <max value="1"/>
      </base>
      <type>
        <code value="Reference"/>
      </type>
    </element>
    <element id="BeModelMedicationRecord.treatments">
      <path value="BeModelMedicationRecord.treatments"/>
      <short value="The treaments that are included in this record"/>
      <definition value="The treaments that are included in this record"/>
      <min value="0"/>
      <max value="*"/>
      <base>
        <path value="BeModelMedicationRecord.treatments"/>
        <min value="0"/>
        <max value="*"/>
      </base>
      <type>
        <code value="http://hl7belgium.org/fhir/riziv-medicationrecord/StructureDefinition/BeModelMedicationRecordTreatment"/>
      </type>
    </element>
    <element id="BeModelMedicationRecord.treatmentLines">
      <path value="BeModelMedicationRecord.treatmentLines"/>
      <short value="The treatment lines that are included in this record"/>
      <definition value="The treatment lines that are included in this record"/>
      <min value="0"/>
      <max value="*"/>
      <base>
        <path value="BeModelMedicationRecord.treatmentLines"/>
        <min value="0"/>
        <max value="*"/>
      </base>
      <type>
        <code value="http://hl7belgium.org/fhir/riziv-medicationrecord/StructureDefinition/BeModelMedicationRecordTreatmentLine"/>
      </type>
    </element>
    <element id="BeModelMedicationRecord.summaryView">
      <path value="BeModelMedicationRecord.summaryView"/>
      <short value="The summary views that are produced from this record or entered into it"/>
      <definition value="The summary views that are produced from this record or entered into it"/>
      <min value="0"/>
      <max value="*"/>
      <base>
        <path value="BeModelMedicationRecord.summaryView"/>
        <min value="0"/>
        <max value="*"/>
      </base>
      <type>
        <code value="http://hl7belgium.org/fhir/riziv-medicationrecord/StructureDefinition/BeModelMedicationRecordSummaryView"/>
      </type>
    </element>
    <element id="BeModelMedicationRecord.detailedRecords">
      <path value="BeModelMedicationRecord.detailedRecords"/>
      <short value="Detailed records"/>
      <definition value="Detailed records - the most granular interactions"/>
      <min value="0"/>
      <max value="*"/>
      <base>
        <path value="BeModelMedicationRecord.detailedRecords"/>
        <min value="0"/>
        <max value="*"/>
      </base>
      <type>
        <code value="BackboneElement"/>
      </type>
    </element>
    <element id="BeModelMedicationRecord.detailedRecords.orders">
      <path value="BeModelMedicationRecord.detailedRecords.orders"/>
      <short value="Explicit or implicit order for medication use or changes"/>
      <definition value="Explicit or implicit order for medication use or changes"/>
      <min value="0"/>
      <max value="*"/>
      <base>
        <path value="BeModelMedicationRecord.detailedRecords.orders"/>
        <min value="0"/>
        <max value="*"/>
      </base>
      <type>
        <code value="http://hl7belgium.org/fhir/riziv-medicationrecord/StructureDefinition/BeModelMedicationRecordOrder"/>
      </type>
    </element>
    <element id="BeModelMedicationRecord.detailedRecords.schedule">
      <path value="BeModelMedicationRecord.detailedRecords.schedule"/>
      <short value="Scheduled administrations of the medication"/>
      <definition value="Scheduled administrations of the medication"/>
      <min value="0"/>
      <max value="*"/>
      <base>
        <path value="BeModelMedicationRecord.detailedRecords.schedule"/>
        <min value="0"/>
        <max value="*"/>
      </base>
      <type>
        <code value="http://hl7belgium.org/fhir/riziv-medicationrecord/StructureDefinition/BeModelMedicationScheduledAdministration"/>
      </type>
    </element>
    <element id="BeModelMedicationRecord.detailedRecords.dispenses">
      <path value="BeModelMedicationRecord.detailedRecords.dispenses"/>
      <short value="Registered or reported dispenses"/>
      <definition value="Registered or reported dispenses"/>
      <min value="0"/>
      <max value="*"/>
      <base>
        <path value="BeModelMedicationRecord.detailedRecords.dispenses"/>
        <min value="0"/>
        <max value="*"/>
      </base>
      <type>
        <code value="http://hl7belgium.org/fhir/riziv-medicationrecord/StructureDefinition/BeModelMedicationRecordDispense"/>
      </type>
    </element>
    <element id="BeModelMedicationRecord.detailedRecords.administrations">
      <path value="BeModelMedicationRecord.detailedRecords.administrations"/>
      <short value="Registered or reported single administrations"/>
      <definition value="Registered or reported single administrations"/>
      <min value="0"/>
      <max value="*"/>
      <base>
        <path value="BeModelMedicationRecord.detailedRecords.administrations"/>
        <min value="0"/>
        <max value="*"/>
      </base>
      <type>
        <code value="http://hl7belgium.org/fhir/riziv-medicationrecord/StructureDefinition/BeModelMedicationRecordAdministration"/>
      </type>
    </element>
    <element id="BeModelMedicationRecord.detailedRecords.usageReports">
      <path value="BeModelMedicationRecord.detailedRecords.usageReports"/>
      <short value="Reported statements of medication usage"/>
      <definition value="Reported statements of medication usage"/>
      <min value="0"/>
      <max value="*"/>
      <base>
        <path value="BeModelMedicationRecord.detailedRecords.usageReports"/>
        <min value="0"/>
        <max value="*"/>
      </base>
      <type>
        <code value="http://hl7belgium.org/fhir/riziv-medicationrecord/StructureDefinition/BeModelMedicationRecordUsage"/>
      </type>
    </element>
    <element id="BeModelMedicationRecord.changeRecord">
      <path value="BeModelMedicationRecord.changeRecord"/>
      <short value="Change records and provenance for the medication record components"/>
      <definition value="Change records and provenance for the medication record components"/>
      <min value="0"/>
      <max value="*"/>
      <base>
        <path value="BeModelMedicationRecord.changeRecord"/>
        <min value="0"/>
        <max value="*"/>
      </base>
      <type>
        <code value="Provenance"/>
      </type>
    </element>
  </snapshot>
  <differential>
    <element id="BeModelMedicationRecord">
      <path value="BeModelMedicationRecord"/>
      <short value="Medication Record logical model"/>
      <definition value="A model for a structure collection of a patient's medication history."/>
    </element>
    <element id="BeModelMedicationRecord.identifier">
      <path value="BeModelMedicationRecord.identifier"/>
      <short value="The business identifier(s) for the Medication Record"/>
      <definition value="The business identifier(s) for the Medication Record"/>
      <min value="0"/>
      <max value="1"/>
      <type>
        <code value="Identifier"/>
      </type>
    </element>
    <element id="BeModelMedicationRecord.patient">
      <path value="BeModelMedicationRecord.patient"/>
      <short value="The subject of the medication record"/>
      <definition value="The subject of the medication record"/>
      <min value="1"/>
      <max value="1"/>
      <type>
        <code value="Reference"/>
      </type>
    </element>
    <element id="BeModelMedicationRecord.treatments">
      <path value="BeModelMedicationRecord.treatments"/>
      <short value="The treaments that are included in this record"/>
      <definition value="The treaments that are included in this record"/>
      <min value="0"/>
      <max value="*"/>
      <type>
        <code value="http://hl7belgium.org/fhir/riziv-medicationrecord/StructureDefinition/BeModelMedicationRecordTreatment"/>
      </type>
    </element>
    <element id="BeModelMedicationRecord.treatmentLines">
      <path value="BeModelMedicationRecord.treatmentLines"/>
      <short value="The treatment lines that are included in this record"/>
      <definition value="The treatment lines that are included in this record"/>
      <min value="0"/>
      <max value="*"/>
      <type>
        <code value="http://hl7belgium.org/fhir/riziv-medicationrecord/StructureDefinition/BeModelMedicationRecordTreatmentLine"/>
      </type>
    </element>
    <element id="BeModelMedicationRecord.summaryView">
      <path value="BeModelMedicationRecord.summaryView"/>
      <short value="The summary views that are produced from this record or entered into it"/>
      <definition value="The summary views that are produced from this record or entered into it"/>
      <min value="0"/>
      <max value="*"/>
      <type>
        <code value="http://hl7belgium.org/fhir/riziv-medicationrecord/StructureDefinition/BeModelMedicationRecordSummaryView"/>
      </type>
    </element>
    <element id="BeModelMedicationRecord.detailedRecords">
      <path value="BeModelMedicationRecord.detailedRecords"/>
      <short value="Detailed records"/>
      <definition value="Detailed records - the most granular interactions"/>
      <min value="0"/>
      <max value="*"/>
      <type>
        <code value="BackboneElement"/>
      </type>
    </element>
    <element id="BeModelMedicationRecord.detailedRecords.orders">
      <path value="BeModelMedicationRecord.detailedRecords.orders"/>
      <short value="Explicit or implicit order for medication use or changes"/>
      <definition value="Explicit or implicit order for medication use or changes"/>
      <min value="0"/>
      <max value="*"/>
      <type>
        <code value="http://hl7belgium.org/fhir/riziv-medicationrecord/StructureDefinition/BeModelMedicationRecordOrder"/>
      </type>
    </element>
    <element id="BeModelMedicationRecord.detailedRecords.schedule">
      <path value="BeModelMedicationRecord.detailedRecords.schedule"/>
      <short value="Scheduled administrations of the medication"/>
      <definition value="Scheduled administrations of the medication"/>
      <min value="0"/>
      <max value="*"/>
      <type>
        <code value="http://hl7belgium.org/fhir/riziv-medicationrecord/StructureDefinition/BeModelMedicationScheduledAdministration"/>
      </type>
    </element>
    <element id="BeModelMedicationRecord.detailedRecords.dispenses">
      <path value="BeModelMedicationRecord.detailedRecords.dispenses"/>
      <short value="Registered or reported dispenses"/>
      <definition value="Registered or reported dispenses"/>
      <min value="0"/>
      <max value="*"/>
      <type>
        <code value="http://hl7belgium.org/fhir/riziv-medicationrecord/StructureDefinition/BeModelMedicationRecordDispense"/>
      </type>
    </element>
    <element id="BeModelMedicationRecord.detailedRecords.administrations">
      <path value="BeModelMedicationRecord.detailedRecords.administrations"/>
      <short value="Registered or reported single administrations"/>
      <definition value="Registered or reported single administrations"/>
      <min value="0"/>
      <max value="*"/>
      <type>
        <code value="http://hl7belgium.org/fhir/riziv-medicationrecord/StructureDefinition/BeModelMedicationRecordAdministration"/>
      </type>
    </element>
    <element id="BeModelMedicationRecord.detailedRecords.usageReports">
      <path value="BeModelMedicationRecord.detailedRecords.usageReports"/>
      <short value="Reported statements of medication usage"/>
      <definition value="Reported statements of medication usage"/>
      <min value="0"/>
      <max value="*"/>
      <type>
        <code value="http://hl7belgium.org/fhir/riziv-medicationrecord/StructureDefinition/BeModelMedicationRecordUsage"/>
      </type>
    </element>
    <element id="BeModelMedicationRecord.changeRecord">
      <path value="BeModelMedicationRecord.changeRecord"/>
      <short value="Change records and provenance for the medication record components"/>
      <definition value="Change records and provenance for the medication record components"/>
      <min value="0"/>
      <max value="*"/>
      <type>
        <code value="Provenance"/>
      </type>
    </element>
  </differential>
</StructureDefinition>