<?xml version="1.0" encoding="UTF-8"?>

<StructureDefinition xmlns="http://hl7.org/fhir">
  <id value="BeModelMedicationView"/>
  <text>
    <status value="extensions"/><div xmlns="http://www.w3.org/1999/xhtml"><table border="0" cellpadding="0" cellspacing="0" style="border: 0px #F0F0F0 solid; font-size: 11px; font-family: verdana; vertical-align: top;"><tr style="border: 1px #F0F0F0 solid; font-size: 11px; font-family: verdana; vertical-align: top"><th style="vertical-align: top; text-align : left; background-color: white; border: 0px #F0F0F0 solid; padding:0px 4px 0px 4px" class="hierarchy"><a href="http://hl7.org/fhir/R4/formats.html#table" title="The logical name of the element">Name</a></th><th style="vertical-align: top; text-align : left; background-color: white; border: 0px #F0F0F0 solid; padding:0px 4px 0px 4px" class="hierarchy"><a href="http://hl7.org/fhir/R4/formats.html#table" title="Information about the use of the element">Flags</a></th><th style="vertical-align: top; text-align : left; background-color: white; border: 0px #F0F0F0 solid; padding:0px 4px 0px 4px" class="hierarchy"><a href="http://hl7.org/fhir/R4/formats.html#table" title="Minimum and Maximum # of times the the element can appear in the instance">Card.</a></th><th style="width: 100px" class="hierarchy"><a href="http://hl7.org/fhir/R4/formats.html#table" title="Reference to the type of the element">Type</a></th><th style="vertical-align: top; text-align : left; background-color: white; border: 0px #F0F0F0 solid; padding:0px 4px 0px 4px" class="hierarchy"><a href="http://hl7.org/fhir/R4/formats.html#table" title="Additional information about the element">Description &amp; Constraints</a><span style="float: right"><a href="http://hl7.org/fhir/R4/formats.html#table" title="Legend for this format"><img src="http://hl7.org/fhir/R4/help16.png" alt="doco" style="background-color: inherit"/></a></span></th></tr><tr style="border: 0px #F0F0F0 solid; padding:0px; vertical-align: top; background-color: white"><td style="vertical-align: top; text-align : left; background-color: white; border: 0px #F0F0F0 solid; padding:0px 4px 0px 4px; white-space: nowrap; background-image: url(tbl_bck1.png)" class="hierarchy"><img src="tbl_spacer.png" alt="." style="background-color: inherit" class="hierarchy"/><img src="icon_element.gif" alt="." style="background-color: white; background-color: inherit" title="Element" class="hierarchy"/> <a href="StructureDefinition-BeModelMedicationView-definitions.html#BeModelMedicationView" title="A model for a visualization of the patient's medication">BeModelMedicationView</a><a name="BeModelMedicationView"> </a></td><td style="vertical-align: top; text-align : left; background-color: white; border: 0px #F0F0F0 solid; padding:0px 4px 0px 4px" class="hierarchy"/><td style="vertical-align: top; text-align : left; background-color: white; border: 0px #F0F0F0 solid; padding:0px 4px 0px 4px" class="hierarchy"><span style="opacity: 0.5">0</span><span style="opacity: 0.5">..</span><span style="opacity: 0.5">*</span></td><td style="vertical-align: top; text-align : left; background-color: white; border: 0px #F0F0F0 solid; padding:0px 4px 0px 4px" class="hierarchy"/><td style="vertical-align: top; text-align : left; background-color: white; border: 0px #F0F0F0 solid; padding:0px 4px 0px 4px" class="hierarchy">Medication View logical model</td></tr>
<tr style="border: 0px #F0F0F0 solid; padding:0px; vertical-align: top; background-color: #F7F7F7"><td style="vertical-align: top; text-align : left; background-color: #F7F7F7; border: 0px #F0F0F0 solid; padding:0px 4px 0px 4px; white-space: nowrap; background-image: url(tbl_bck10.png)" class="hierarchy"><img src="tbl_spacer.png" alt="." style="background-color: inherit" class="hierarchy"/><img src="tbl_vjoin.png" alt="." style="background-color: inherit" class="hierarchy"/><img src="icon_datatype.gif" alt="." style="background-color: #F7F7F7; background-color: inherit" title="Data Type" class="hierarchy"/> <a href="StructureDefinition-BeModelMedicationView-definitions.html#BeModelMedicationView.identifier" title="The business identifier(s) for the Medication View">identifier</a><a name="BeModelMedicationView.identifier"> </a></td><td style="vertical-align: top; text-align : left; background-color: #F7F7F7; border: 0px #F0F0F0 solid; padding:0px 4px 0px 4px" class="hierarchy"/><td style="vertical-align: top; text-align : left; background-color: #F7F7F7; border: 0px #F0F0F0 solid; padding:0px 4px 0px 4px" class="hierarchy">0..1</td><td style="vertical-align: top; text-align : left; background-color: #F7F7F7; border: 0px #F0F0F0 solid; padding:0px 4px 0px 4px" class="hierarchy"><a href="http://hl7.org/fhir/R4/datatypes.html#Identifier">Identifier</a></td><td style="vertical-align: top; text-align : left; background-color: #F7F7F7; border: 0px #F0F0F0 solid; padding:0px 4px 0px 4px" class="hierarchy">The business identifier(s) for the Medication View</td></tr>
<tr style="border: 0px #F0F0F0 solid; padding:0px; vertical-align: top; background-color: white"><td style="vertical-align: top; text-align : left; background-color: white; border: 0px #F0F0F0 solid; padding:0px 4px 0px 4px; white-space: nowrap; background-image: url(tbl_bck10.png)" class="hierarchy"><img src="tbl_spacer.png" alt="." style="background-color: inherit" class="hierarchy"/><img src="tbl_vjoin.png" alt="." style="background-color: inherit" class="hierarchy"/><img src="icon_reference.png" alt="." style="background-color: white; background-color: inherit" title="Reference to another Resource" class="hierarchy"/> <a href="StructureDefinition-BeModelMedicationView-definitions.html#BeModelMedicationView.patient" title="The subject of the medication record">patient</a><a name="BeModelMedicationView.patient"> </a></td><td style="vertical-align: top; text-align : left; background-color: white; border: 0px #F0F0F0 solid; padding:0px 4px 0px 4px" class="hierarchy"/><td style="vertical-align: top; text-align : left; background-color: white; border: 0px #F0F0F0 solid; padding:0px 4px 0px 4px" class="hierarchy">1..1</td><td style="vertical-align: top; text-align : left; background-color: white; border: 0px #F0F0F0 solid; padding:0px 4px 0px 4px" class="hierarchy"><a href="http://hl7.org/fhir/R4/references.html">Reference</a>()</td><td style="vertical-align: top; text-align : left; background-color: white; border: 0px #F0F0F0 solid; padding:0px 4px 0px 4px" class="hierarchy">The subject of the medication record</td></tr>
<tr style="border: 0px #F0F0F0 solid; padding:0px; vertical-align: top; background-color: #F7F7F7"><td style="vertical-align: top; text-align : left; background-color: #F7F7F7; border: 0px #F0F0F0 solid; padding:0px 4px 0px 4px; white-space: nowrap; background-image: url(tbl_bck11.png)" class="hierarchy"><img src="tbl_spacer.png" alt="." style="background-color: inherit" class="hierarchy"/><img src="tbl_vjoin.png" alt="." style="background-color: inherit" class="hierarchy"/><img src="icon_datatype.gif" alt="." style="background-color: #F7F7F7; background-color: inherit" title="Data Type" class="hierarchy"/> <a href="StructureDefinition-BeModelMedicationView-definitions.html#BeModelMedicationView.treatments" title="The treaments that are included in this record">treatments</a><a name="BeModelMedicationView.treatments"> </a></td><td style="vertical-align: top; text-align : left; background-color: #F7F7F7; border: 0px #F0F0F0 solid; padding:0px 4px 0px 4px" class="hierarchy"/><td style="vertical-align: top; text-align : left; background-color: #F7F7F7; border: 0px #F0F0F0 solid; padding:0px 4px 0px 4px" class="hierarchy">0..*</td><td style="vertical-align: top; text-align : left; background-color: #F7F7F7; border: 0px #F0F0F0 solid; padding:0px 4px 0px 4px" class="hierarchy"><a href="http://hl7.org/fhir/R4/datatypes.html#BackboneElement">BackboneElement</a></td><td style="vertical-align: top; text-align : left; background-color: #F7F7F7; border: 0px #F0F0F0 solid; padding:0px 4px 0px 4px" class="hierarchy">The treaments that are included in this record<br/></td></tr>
<tr style="border: 0px #F0F0F0 solid; padding:0px; vertical-align: top; background-color: white"><td style="vertical-align: top; text-align : left; background-color: white; border: 0px #F0F0F0 solid; padding:0px 4px 0px 4px; white-space: nowrap; background-image: url(tbl_bck110.png)" class="hierarchy"><img src="tbl_spacer.png" alt="." style="background-color: inherit" class="hierarchy"/><img src="tbl_vline.png" alt="." style="background-color: inherit" class="hierarchy"/><img src="tbl_vjoin.png" alt="." style="background-color: inherit" class="hierarchy"/><img src="icon_datatype.gif" alt="." style="background-color: white; background-color: inherit" title="Data Type" class="hierarchy"/> <a href="StructureDefinition-BeModelMedicationView-definitions.html#BeModelMedicationView.treatments.indication" title="Why the treatment exists">indication</a><a name="BeModelMedicationView.treatments.indication"> </a></td><td style="vertical-align: top; text-align : left; background-color: white; border: 0px #F0F0F0 solid; padding:0px 4px 0px 4px" class="hierarchy"/><td style="vertical-align: top; text-align : left; background-color: white; border: 0px #F0F0F0 solid; padding:0px 4px 0px 4px" class="hierarchy">0..*</td><td style="vertical-align: top; text-align : left; background-color: white; border: 0px #F0F0F0 solid; padding:0px 4px 0px 4px" class="hierarchy"><a href="http://hl7.org/fhir/R4/datatypes.html#CodeableConcept">CodeableConcept</a></td><td style="vertical-align: top; text-align : left; background-color: white; border: 0px #F0F0F0 solid; padding:0px 4px 0px 4px" class="hierarchy">Why the treatment exists<br/></td></tr>
<tr style="border: 0px #F0F0F0 solid; padding:0px; vertical-align: top; background-color: #F7F7F7"><td style="vertical-align: top; text-align : left; background-color: #F7F7F7; border: 0px #F0F0F0 solid; padding:0px 4px 0px 4px; white-space: nowrap; background-image: url(tbl_bck101.png)" class="hierarchy"><img src="tbl_spacer.png" alt="." style="background-color: inherit" class="hierarchy"/><img src="tbl_vline.png" alt="." style="background-color: inherit" class="hierarchy"/><img src="tbl_vjoin_end.png" alt="." style="background-color: inherit" class="hierarchy"/><img src="icon_datatype.gif" alt="." style="background-color: #F7F7F7; background-color: inherit" title="Data Type" class="hierarchy"/> <a href="StructureDefinition-BeModelMedicationView-definitions.html#BeModelMedicationView.treatments.treatmentLines" title="The treatment lines that are included in this record">treatmentLines</a><a name="BeModelMedicationView.treatments.treatmentLines"> </a></td><td style="vertical-align: top; text-align : left; background-color: #F7F7F7; border: 0px #F0F0F0 solid; padding:0px 4px 0px 4px" class="hierarchy"/><td style="vertical-align: top; text-align : left; background-color: #F7F7F7; border: 0px #F0F0F0 solid; padding:0px 4px 0px 4px" class="hierarchy">0..*</td><td style="vertical-align: top; text-align : left; background-color: #F7F7F7; border: 0px #F0F0F0 solid; padding:0px 4px 0px 4px" class="hierarchy"><a href="http://hl7.org/fhir/R4/datatypes.html#BackboneElement">BackboneElement</a></td><td style="vertical-align: top; text-align : left; background-color: #F7F7F7; border: 0px #F0F0F0 solid; padding:0px 4px 0px 4px" class="hierarchy">The treatment lines that are included in this record<br/></td></tr>
<tr style="border: 0px #F0F0F0 solid; padding:0px; vertical-align: top; background-color: white"><td style="vertical-align: top; text-align : left; background-color: white; border: 0px #F0F0F0 solid; padding:0px 4px 0px 4px; white-space: nowrap; background-image: url(tbl_bck1011.png)" class="hierarchy"><img src="tbl_spacer.png" alt="." style="background-color: inherit" class="hierarchy"/><img src="tbl_vline.png" alt="." style="background-color: inherit" class="hierarchy"/><img src="tbl_blank.png" alt="." style="background-color: inherit" class="hierarchy"/><img src="tbl_vjoin.png" alt="." style="background-color: inherit" class="hierarchy"/><img src="icon_choice.gif" alt="." style="background-color: white; background-color: inherit" title="Choice of Types" class="hierarchy"/> <a href="StructureDefinition-BeModelMedicationView-definitions.html#BeModelMedicationView.treatments.treatmentLines.product[x]" title="Product for which the treatment line refers to">product[x]</a><a name="BeModelMedicationView.treatments.treatmentLines.product_x_"> </a></td><td style="vertical-align: top; text-align : left; background-color: white; border: 0px #F0F0F0 solid; padding:0px 4px 0px 4px" class="hierarchy"/><td style="vertical-align: top; text-align : left; background-color: white; border: 0px #F0F0F0 solid; padding:0px 4px 0px 4px" class="hierarchy">1..1</td><td style="vertical-align: top; text-align : left; background-color: white; border: 0px #F0F0F0 solid; padding:0px 4px 0px 4px" class="hierarchy"/><td style="vertical-align: top; text-align : left; background-color: white; border: 0px #F0F0F0 solid; padding:0px 4px 0px 4px" class="hierarchy">Product for which the treatment line refers to</td></tr>
<tr style="border: 0px #F0F0F0 solid; padding:0px; vertical-align: top; background-color: #F7F7F7"><td style="vertical-align: top; text-align : left; background-color: #F7F7F7; border: 0px #F0F0F0 solid; padding:0px 4px 0px 4px; white-space: nowrap; background-image: url(tbl_bck10110.png)" class="hierarchy"><img src="tbl_spacer.png" alt="." style="background-color: inherit" class="hierarchy"/><img src="tbl_vline.png" alt="." style="background-color: inherit" class="hierarchy"/><img src="tbl_blank.png" alt="." style="background-color: inherit" class="hierarchy"/><img src="tbl_vline.png" alt="." style="background-color: inherit" class="hierarchy"/><img src="tbl_vjoin.png" alt="." style="background-color: inherit" class="hierarchy"/><img src="icon_datatype.gif" alt="." style="background-color: #F7F7F7; background-color: inherit" title="Data Type" class="hierarchy"/> <span title="Base StructureDefinition for CodeableConcept Type: A concept that may be defined by a formal reference to a terminology or ontology or may be provided by text.">productCodeableConcept</span></td><td style="vertical-align: top; text-align : left; background-color: #F7F7F7; border: 0px #F0F0F0 solid; padding:0px 4px 0px 4px" class="hierarchy"/><td style="vertical-align: top; text-align : left; background-color: #F7F7F7; border: 0px #F0F0F0 solid; padding:0px 4px 0px 4px" class="hierarchy"></td><td style="vertical-align: top; text-align : left; background-color: #F7F7F7; border: 0px #F0F0F0 solid; padding:0px 4px 0px 4px" class="hierarchy"><a href="http://hl7.org/fhir/R4/datatypes.html#CodeableConcept">CodeableConcept</a></td><td style="vertical-align: top; text-align : left; background-color: #F7F7F7; border: 0px #F0F0F0 solid; padding:0px 4px 0px 4px" class="hierarchy"/></tr>
<tr style="border: 0px #F0F0F0 solid; padding:0px; vertical-align: top; background-color: white"><td style="vertical-align: top; text-align : left; background-color: white; border: 0px #F0F0F0 solid; padding:0px 4px 0px 4px; white-space: nowrap; background-image: url(tbl_bck10100.png)" class="hierarchy"><img src="tbl_spacer.png" alt="." style="background-color: inherit" class="hierarchy"/><img src="tbl_vline.png" alt="." style="background-color: inherit" class="hierarchy"/><img src="tbl_blank.png" alt="." style="background-color: inherit" class="hierarchy"/><img src="tbl_vline.png" alt="." style="background-color: inherit" class="hierarchy"/><img src="tbl_vjoin_end.png" alt="." style="background-color: inherit" class="hierarchy"/><img src="icon_reference.png" alt="." style="background-color: white; background-color: inherit" title="Reference to another Resource" class="hierarchy"/> productReference</td><td style="vertical-align: top; text-align : left; background-color: white; border: 0px #F0F0F0 solid; padding:0px 4px 0px 4px" class="hierarchy"/><td style="vertical-align: top; text-align : left; background-color: white; border: 0px #F0F0F0 solid; padding:0px 4px 0px 4px" class="hierarchy"></td><td style="vertical-align: top; text-align : left; background-color: white; border: 0px #F0F0F0 solid; padding:0px 4px 0px 4px" class="hierarchy"><a href="http://hl7.org/fhir/R4/references.html#Reference">Reference</a>(<a href="http://hl7.org/fhir/R4/medication.html">Medication</a>)</td><td style="vertical-align: top; text-align : left; background-color: white; border: 0px #F0F0F0 solid; padding:0px 4px 0px 4px" class="hierarchy"/></tr>
<tr style="border: 0px #F0F0F0 solid; padding:0px; vertical-align: top; background-color: #F7F7F7"><td style="vertical-align: top; text-align : left; background-color: #F7F7F7; border: 0px #F0F0F0 solid; padding:0px 4px 0px 4px; white-space: nowrap; background-image: url(tbl_bck1001.png)" class="hierarchy"><img src="tbl_spacer.png" alt="." style="background-color: inherit" class="hierarchy"/><img src="tbl_vline.png" alt="." style="background-color: inherit" class="hierarchy"/><img src="tbl_blank.png" alt="." style="background-color: inherit" class="hierarchy"/><img src="tbl_vjoin_end.png" alt="." style="background-color: inherit" class="hierarchy"/><img src="icon_datatype.gif" alt="." style="background-color: #F7F7F7; background-color: inherit" title="Data Type" class="hierarchy"/> <a href="StructureDefinition-BeModelMedicationView-definitions.html#BeModelMedicationView.treatments.treatmentLines.detailedRecords" title="Detailed records - the most granular interactions">detailedRecords</a><a name="BeModelMedicationView.treatments.treatmentLines.detailedRecords"> </a></td><td style="vertical-align: top; text-align : left; background-color: #F7F7F7; border: 0px #F0F0F0 solid; padding:0px 4px 0px 4px" class="hierarchy"/><td style="vertical-align: top; text-align : left; background-color: #F7F7F7; border: 0px #F0F0F0 solid; padding:0px 4px 0px 4px" class="hierarchy">0..*</td><td style="vertical-align: top; text-align : left; background-color: #F7F7F7; border: 0px #F0F0F0 solid; padding:0px 4px 0px 4px" class="hierarchy"><a href="http://hl7.org/fhir/R4/datatypes.html#BackboneElement">BackboneElement</a></td><td style="vertical-align: top; text-align : left; background-color: #F7F7F7; border: 0px #F0F0F0 solid; padding:0px 4px 0px 4px" class="hierarchy">Detailed records<br/></td></tr>
<tr style="border: 0px #F0F0F0 solid; padding:0px; vertical-align: top; background-color: white"><td style="vertical-align: top; text-align : left; background-color: white; border: 0px #F0F0F0 solid; padding:0px 4px 0px 4px; white-space: nowrap; background-image: url(tbl_bck10010.png)" class="hierarchy"><img src="tbl_spacer.png" alt="." style="background-color: inherit" class="hierarchy"/><img src="tbl_vline.png" alt="." style="background-color: inherit" class="hierarchy"/><img src="tbl_blank.png" alt="." style="background-color: inherit" class="hierarchy"/><img src="tbl_blank.png" alt="." style="background-color: inherit" class="hierarchy"/><img src="tbl_vjoin.png" alt="." style="background-color: inherit" class="hierarchy"/><img src="icon_resource.png" alt="." style="background-color: white; background-color: inherit" title="Resource" class="hierarchy"/> <a href="StructureDefinition-BeModelMedicationView-definitions.html#BeModelMedicationView.treatments.treatmentLines.detailedRecords.orders" title="Explicit or implicit order for medication use or changes">orders</a><a name="BeModelMedicationView.treatments.treatmentLines.detailedRecords.orders"> </a></td><td style="vertical-align: top; text-align : left; background-color: white; border: 0px #F0F0F0 solid; padding:0px 4px 0px 4px" class="hierarchy"/><td style="vertical-align: top; text-align : left; background-color: white; border: 0px #F0F0F0 solid; padding:0px 4px 0px 4px" class="hierarchy">0..*</td><td style="vertical-align: top; text-align : left; background-color: white; border: 0px #F0F0F0 solid; padding:0px 4px 0px 4px" class="hierarchy"><a href="StructureDefinition-BeModelMedicationRecordOrder.html">http://hl7belgium.org/fhir/riziv-medicationrecord/StructureDefinition/BeModelMedicationRecordOrder</a></td><td style="vertical-align: top; text-align : left; background-color: white; border: 0px #F0F0F0 solid; padding:0px 4px 0px 4px" class="hierarchy">Explicit or implicit order for medication use or changes<br/></td></tr>
<tr style="border: 0px #F0F0F0 solid; padding:0px; vertical-align: top; background-color: #F7F7F7"><td style="vertical-align: top; text-align : left; background-color: #F7F7F7; border: 0px #F0F0F0 solid; padding:0px 4px 0px 4px; white-space: nowrap; background-image: url(tbl_bck10010.png)" class="hierarchy"><img src="tbl_spacer.png" alt="." style="background-color: inherit" class="hierarchy"/><img src="tbl_vline.png" alt="." style="background-color: inherit" class="hierarchy"/><img src="tbl_blank.png" alt="." style="background-color: inherit" class="hierarchy"/><img src="tbl_blank.png" alt="." style="background-color: inherit" class="hierarchy"/><img src="tbl_vjoin.png" alt="." style="background-color: inherit" class="hierarchy"/><img src="icon_resource.png" alt="." style="background-color: #F7F7F7; background-color: inherit" title="Resource" class="hierarchy"/> <a href="StructureDefinition-BeModelMedicationView-definitions.html#BeModelMedicationView.treatments.treatmentLines.detailedRecords.schedule" title="Scheduled administrations of the medication">schedule</a><a name="BeModelMedicationView.treatments.treatmentLines.detailedRecords.schedule"> </a></td><td style="vertical-align: top; text-align : left; background-color: #F7F7F7; border: 0px #F0F0F0 solid; padding:0px 4px 0px 4px" class="hierarchy"/><td style="vertical-align: top; text-align : left; background-color: #F7F7F7; border: 0px #F0F0F0 solid; padding:0px 4px 0px 4px" class="hierarchy">0..*</td><td style="vertical-align: top; text-align : left; background-color: #F7F7F7; border: 0px #F0F0F0 solid; padding:0px 4px 0px 4px" class="hierarchy"><a href="StructureDefinition-BeModelMedicationScheduledAdministration.html">http://hl7belgium.org/fhir/riziv-medicationrecord/StructureDefinition/BeModelMedicationScheduledAdministration</a></td><td style="vertical-align: top; text-align : left; background-color: #F7F7F7; border: 0px #F0F0F0 solid; padding:0px 4px 0px 4px" class="hierarchy">Scheduled administrations of the medication<br/></td></tr>
<tr style="border: 0px #F0F0F0 solid; padding:0px; vertical-align: top; background-color: white"><td style="vertical-align: top; text-align : left; background-color: white; border: 0px #F0F0F0 solid; padding:0px 4px 0px 4px; white-space: nowrap; background-image: url(tbl_bck10010.png)" class="hierarchy"><img src="tbl_spacer.png" alt="." style="background-color: inherit" class="hierarchy"/><img src="tbl_vline.png" alt="." style="background-color: inherit" class="hierarchy"/><img src="tbl_blank.png" alt="." style="background-color: inherit" class="hierarchy"/><img src="tbl_blank.png" alt="." style="background-color: inherit" class="hierarchy"/><img src="tbl_vjoin.png" alt="." style="background-color: inherit" class="hierarchy"/><img src="icon_resource.png" alt="." style="background-color: white; background-color: inherit" title="Resource" class="hierarchy"/> <a href="StructureDefinition-BeModelMedicationView-definitions.html#BeModelMedicationView.treatments.treatmentLines.detailedRecords.dispenses" title="Registered or reported dispenses">dispenses</a><a name="BeModelMedicationView.treatments.treatmentLines.detailedRecords.dispenses"> </a></td><td style="vertical-align: top; text-align : left; background-color: white; border: 0px #F0F0F0 solid; padding:0px 4px 0px 4px" class="hierarchy"/><td style="vertical-align: top; text-align : left; background-color: white; border: 0px #F0F0F0 solid; padding:0px 4px 0px 4px" class="hierarchy">0..*</td><td style="vertical-align: top; text-align : left; background-color: white; border: 0px #F0F0F0 solid; padding:0px 4px 0px 4px" class="hierarchy"><a href="StructureDefinition-BeModelMedicationRecordDispense.html">http://hl7belgium.org/fhir/riziv-medicationrecord/StructureDefinition/BeModelMedicationRecordDispense</a></td><td style="vertical-align: top; text-align : left; background-color: white; border: 0px #F0F0F0 solid; padding:0px 4px 0px 4px" class="hierarchy">Registered or reported dispenses<br/></td></tr>
<tr style="border: 0px #F0F0F0 solid; padding:0px; vertical-align: top; background-color: #F7F7F7"><td style="vertical-align: top; text-align : left; background-color: #F7F7F7; border: 0px #F0F0F0 solid; padding:0px 4px 0px 4px; white-space: nowrap; background-image: url(tbl_bck10010.png)" class="hierarchy"><img src="tbl_spacer.png" alt="." style="background-color: inherit" class="hierarchy"/><img src="tbl_vline.png" alt="." style="background-color: inherit" class="hierarchy"/><img src="tbl_blank.png" alt="." style="background-color: inherit" class="hierarchy"/><img src="tbl_blank.png" alt="." style="background-color: inherit" class="hierarchy"/><img src="tbl_vjoin.png" alt="." style="background-color: inherit" class="hierarchy"/><img src="icon_resource.png" alt="." style="background-color: #F7F7F7; background-color: inherit" title="Resource" class="hierarchy"/> <a href="StructureDefinition-BeModelMedicationView-definitions.html#BeModelMedicationView.treatments.treatmentLines.detailedRecords.administrations" title="Registered or reported single administrations">administrations</a><a name="BeModelMedicationView.treatments.treatmentLines.detailedRecords.administrations"> </a></td><td style="vertical-align: top; text-align : left; background-color: #F7F7F7; border: 0px #F0F0F0 solid; padding:0px 4px 0px 4px" class="hierarchy"/><td style="vertical-align: top; text-align : left; background-color: #F7F7F7; border: 0px #F0F0F0 solid; padding:0px 4px 0px 4px" class="hierarchy">0..*</td><td style="vertical-align: top; text-align : left; background-color: #F7F7F7; border: 0px #F0F0F0 solid; padding:0px 4px 0px 4px" class="hierarchy"><a href="StructureDefinition-BeModelMedicationRecordAdministration.html">http://hl7belgium.org/fhir/riziv-medicationrecord/StructureDefinition/BeModelMedicationRecordAdministration</a></td><td style="vertical-align: top; text-align : left; background-color: #F7F7F7; border: 0px #F0F0F0 solid; padding:0px 4px 0px 4px" class="hierarchy">Registered or reported single administrations<br/></td></tr>
<tr style="border: 0px #F0F0F0 solid; padding:0px; vertical-align: top; background-color: white"><td style="vertical-align: top; text-align : left; background-color: white; border: 0px #F0F0F0 solid; padding:0px 4px 0px 4px; white-space: nowrap; background-image: url(tbl_bck10000.png)" class="hierarchy"><img src="tbl_spacer.png" alt="." style="background-color: inherit" class="hierarchy"/><img src="tbl_vline.png" alt="." style="background-color: inherit" class="hierarchy"/><img src="tbl_blank.png" alt="." style="background-color: inherit" class="hierarchy"/><img src="tbl_blank.png" alt="." style="background-color: inherit" class="hierarchy"/><img src="tbl_vjoin_end.png" alt="." style="background-color: inherit" class="hierarchy"/><img src="icon_resource.png" alt="." style="background-color: white; background-color: inherit" title="Resource" class="hierarchy"/> <a href="StructureDefinition-BeModelMedicationView-definitions.html#BeModelMedicationView.treatments.treatmentLines.detailedRecords.usageReports" title="Reported statements of medication usage">usageReports</a><a name="BeModelMedicationView.treatments.treatmentLines.detailedRecords.usageReports"> </a></td><td style="vertical-align: top; text-align : left; background-color: white; border: 0px #F0F0F0 solid; padding:0px 4px 0px 4px" class="hierarchy"/><td style="vertical-align: top; text-align : left; background-color: white; border: 0px #F0F0F0 solid; padding:0px 4px 0px 4px" class="hierarchy">0..*</td><td style="vertical-align: top; text-align : left; background-color: white; border: 0px #F0F0F0 solid; padding:0px 4px 0px 4px" class="hierarchy"><a href="StructureDefinition-BeModelMedicationRecordUsage.html">http://hl7belgium.org/fhir/riziv-medicationrecord/StructureDefinition/BeModelMedicationRecordUsage</a></td><td style="vertical-align: top; text-align : left; background-color: white; border: 0px #F0F0F0 solid; padding:0px 4px 0px 4px" class="hierarchy">Reported statements of medication usage<br/></td></tr>
<tr style="border: 0px #F0F0F0 solid; padding:0px; vertical-align: top; background-color: #F7F7F7"><td style="vertical-align: top; text-align : left; background-color: #F7F7F7; border: 0px #F0F0F0 solid; padding:0px 4px 0px 4px; white-space: nowrap; background-image: url(tbl_bck00.png)" class="hierarchy"><img src="tbl_spacer.png" alt="." style="background-color: inherit" class="hierarchy"/><img src="tbl_vjoin_end.png" alt="." style="background-color: inherit" class="hierarchy"/><img src="icon_resource.png" alt="." style="background-color: #F7F7F7; background-color: inherit" title="Resource" class="hierarchy"/> <a href="StructureDefinition-BeModelMedicationView-definitions.html#BeModelMedicationView.changeRecord" title="Change records and provenance for the medication record components">changeRecord</a><a name="BeModelMedicationView.changeRecord"> </a></td><td style="vertical-align: top; text-align : left; background-color: #F7F7F7; border: 0px #F0F0F0 solid; padding:0px 4px 0px 4px" class="hierarchy"/><td style="vertical-align: top; text-align : left; background-color: #F7F7F7; border: 0px #F0F0F0 solid; padding:0px 4px 0px 4px" class="hierarchy">0..*</td><td style="vertical-align: top; text-align : left; background-color: #F7F7F7; border: 0px #F0F0F0 solid; padding:0px 4px 0px 4px" class="hierarchy"><a href="http://hl7.org/fhir/R4/provenance.html">Provenance</a></td><td style="vertical-align: top; text-align : left; background-color: #F7F7F7; border: 0px #F0F0F0 solid; padding:0px 4px 0px 4px" class="hierarchy">Change records and provenance for the medication record components<br/></td></tr>
<tr><td colspan="5" class="hierarchy"><br/><a href="http://hl7.org/fhir/R4/formats.html#table" title="Legend for this format"><img src="http://hl7.org/fhir/R4/help16.png" alt="doco" style="background-color: inherit"/> Documentation for this format</a></td></tr></table></div>
  </text>
  <url value="http://hl7belgium.org/fhir/riziv-medicationrecord/StructureDefinition/BeModelMedicationView"/>
  <version value="0.1.0-test"/>
  <name value="BeModelMedicationView"/>
  <title value="Medication View logical model"/>
  <status value="active"/>
  <date value="2022-04-08T10:19:08+00:00"/>
  <publisher value="HL7 Belgium"/>
  <contact>
    <telecom>
      <system value="url"/>
      <value value="http://hl7belgium.org"/>
    </telecom>
  </contact>
  <description value="A model for a visualization of the patient's medication"/>
  <jurisdiction>
    <coding>
      <system value="urn:iso:std:iso:3166"/>
      <code value="BE"/>
    </coding>
  </jurisdiction>
  <fhirVersion value="4.0.1"/>
  <mapping>
    <identity value="rim"/>
    <uri value="http://hl7.org/v3"/>
    <name value="RIM Mapping"/>
  </mapping>
  <kind value="logical"/>
  <abstract value="false"/>
  <type value="http://hl7belgium.org/fhir/riziv-medicationrecord/StructureDefinition/BeModelMedicationView"/>
  <baseDefinition value="http://hl7.org/fhir/StructureDefinition/Base"/>
  <derivation value="specialization"/>
  <snapshot>
    <element id="BeModelMedicationView">
      <path value="BeModelMedicationView"/>
      <short value="Medication View logical model"/>
      <definition value="A model for a visualization of the patient's medication"/>
      <min value="0"/>
      <max value="*"/>
      <base>
        <path value="Base"/>
        <min value="0"/>
        <max value="*"/>
      </base>
      <isModifier value="false"/>
    </element>
    <element id="BeModelMedicationView.identifier">
      <path value="BeModelMedicationView.identifier"/>
      <short value="The business identifier(s) for the Medication View"/>
      <definition value="The business identifier(s) for the Medication View"/>
      <min value="0"/>
      <max value="1"/>
      <base>
        <path value="BeModelMedicationView.identifier"/>
        <min value="0"/>
        <max value="1"/>
      </base>
      <type>
        <code value="Identifier"/>
      </type>
    </element>
    <element id="BeModelMedicationView.patient">
      <path value="BeModelMedicationView.patient"/>
      <short value="The subject of the medication record"/>
      <definition value="The subject of the medication record"/>
      <min value="1"/>
      <max value="1"/>
      <base>
        <path value="BeModelMedicationView.patient"/>
        <min value="1"/>
        <max value="1"/>
      </base>
      <type>
        <code value="Reference"/>
      </type>
    </element>
    <element id="BeModelMedicationView.treatments">
      <path value="BeModelMedicationView.treatments"/>
      <short value="The treaments that are included in this record"/>
      <definition value="The treaments that are included in this record"/>
      <min value="0"/>
      <max value="*"/>
      <base>
        <path value="BeModelMedicationView.treatments"/>
        <min value="0"/>
        <max value="*"/>
      </base>
      <type>
        <code value="BackboneElement"/>
      </type>
    </element>
    <element id="BeModelMedicationView.treatments.indication">
      <path value="BeModelMedicationView.treatments.indication"/>
      <short value="Why the treatment exists"/>
      <definition value="Why the treatment exists"/>
      <min value="0"/>
      <max value="*"/>
      <base>
        <path value="BeModelMedicationView.treatments.indication"/>
        <min value="0"/>
        <max value="*"/>
      </base>
      <type>
        <code value="CodeableConcept"/>
      </type>
    </element>
    <element id="BeModelMedicationView.treatments.treatmentLines">
      <path value="BeModelMedicationView.treatments.treatmentLines"/>
      <short value="The treatment lines that are included in this record"/>
      <definition value="The treatment lines that are included in this record"/>
      <min value="0"/>
      <max value="*"/>
      <base>
        <path value="BeModelMedicationView.treatments.treatmentLines"/>
        <min value="0"/>
        <max value="*"/>
      </base>
      <type>
        <code value="BackboneElement"/>
      </type>
    </element>
    <element id="BeModelMedicationView.treatments.treatmentLines.product[x]">
      <path value="BeModelMedicationView.treatments.treatmentLines.product[x]"/>
      <short value="Product for which the treatment line refers to"/>
      <definition value="Product for which the treatment line refers to"/>
      <min value="1"/>
      <max value="1"/>
      <base>
        <path value="BeModelMedicationView.treatments.treatmentLines.product[x]"/>
        <min value="1"/>
        <max value="1"/>
      </base>
      <type>
        <code value="CodeableConcept"/>
      </type>
      <type>
        <code value="Reference"/>
        <targetProfile value="http://hl7.org/fhir/StructureDefinition/Medication"/>
      </type>
    </element>
    <element id="BeModelMedicationView.treatments.treatmentLines.detailedRecords">
      <path value="BeModelMedicationView.treatments.treatmentLines.detailedRecords"/>
      <short value="Detailed records"/>
      <definition value="Detailed records - the most granular interactions"/>
      <min value="0"/>
      <max value="*"/>
      <base>
        <path value="BeModelMedicationView.treatments.treatmentLines.detailedRecords"/>
        <min value="0"/>
        <max value="*"/>
      </base>
      <type>
        <code value="BackboneElement"/>
      </type>
    </element>
    <element id="BeModelMedicationView.treatments.treatmentLines.detailedRecords.orders">
      <path value="BeModelMedicationView.treatments.treatmentLines.detailedRecords.orders"/>
      <short value="Explicit or implicit order for medication use or changes"/>
      <definition value="Explicit or implicit order for medication use or changes"/>
      <min value="0"/>
      <max value="*"/>
      <base>
        <path value="BeModelMedicationView.treatments.treatmentLines.detailedRecords.orders"/>
        <min value="0"/>
        <max value="*"/>
      </base>
      <type>
        <code value="http://hl7belgium.org/fhir/riziv-medicationrecord/StructureDefinition/BeModelMedicationRecordOrder"/>
      </type>
    </element>
    <element id="BeModelMedicationView.treatments.treatmentLines.detailedRecords.schedule">
      <path value="BeModelMedicationView.treatments.treatmentLines.detailedRecords.schedule"/>
      <short value="Scheduled administrations of the medication"/>
      <definition value="Scheduled administrations of the medication"/>
      <min value="0"/>
      <max value="*"/>
      <base>
        <path value="BeModelMedicationView.treatments.treatmentLines.detailedRecords.schedule"/>
        <min value="0"/>
        <max value="*"/>
      </base>
      <type>
        <code value="http://hl7belgium.org/fhir/riziv-medicationrecord/StructureDefinition/BeModelMedicationScheduledAdministration"/>
      </type>
    </element>
    <element id="BeModelMedicationView.treatments.treatmentLines.detailedRecords.dispenses">
      <path value="BeModelMedicationView.treatments.treatmentLines.detailedRecords.dispenses"/>
      <short value="Registered or reported dispenses"/>
      <definition value="Registered or reported dispenses"/>
      <min value="0"/>
      <max value="*"/>
      <base>
        <path value="BeModelMedicationView.treatments.treatmentLines.detailedRecords.dispenses"/>
        <min value="0"/>
        <max value="*"/>
      </base>
      <type>
        <code value="http://hl7belgium.org/fhir/riziv-medicationrecord/StructureDefinition/BeModelMedicationRecordDispense"/>
      </type>
    </element>
    <element id="BeModelMedicationView.treatments.treatmentLines.detailedRecords.administrations">
      <path value="BeModelMedicationView.treatments.treatmentLines.detailedRecords.administrations"/>
      <short value="Registered or reported single administrations"/>
      <definition value="Registered or reported single administrations"/>
      <min value="0"/>
      <max value="*"/>
      <base>
        <path value="BeModelMedicationView.treatments.treatmentLines.detailedRecords.administrations"/>
        <min value="0"/>
        <max value="*"/>
      </base>
      <type>
        <code value="http://hl7belgium.org/fhir/riziv-medicationrecord/StructureDefinition/BeModelMedicationRecordAdministration"/>
      </type>
    </element>
    <element id="BeModelMedicationView.treatments.treatmentLines.detailedRecords.usageReports">
      <path value="BeModelMedicationView.treatments.treatmentLines.detailedRecords.usageReports"/>
      <short value="Reported statements of medication usage"/>
      <definition value="Reported statements of medication usage"/>
      <min value="0"/>
      <max value="*"/>
      <base>
        <path value="BeModelMedicationView.treatments.treatmentLines.detailedRecords.usageReports"/>
        <min value="0"/>
        <max value="*"/>
      </base>
      <type>
        <code value="http://hl7belgium.org/fhir/riziv-medicationrecord/StructureDefinition/BeModelMedicationRecordUsage"/>
      </type>
    </element>
    <element id="BeModelMedicationView.changeRecord">
      <path value="BeModelMedicationView.changeRecord"/>
      <short value="Change records and provenance for the medication record components"/>
      <definition value="Change records and provenance for the medication record components"/>
      <min value="0"/>
      <max value="*"/>
      <base>
        <path value="BeModelMedicationView.changeRecord"/>
        <min value="0"/>
        <max value="*"/>
      </base>
      <type>
        <code value="Provenance"/>
      </type>
    </element>
  </snapshot>
  <differential>
    <element id="BeModelMedicationView">
      <path value="BeModelMedicationView"/>
      <short value="Medication View logical model"/>
      <definition value="A model for a visualization of the patient's medication"/>
    </element>
    <element id="BeModelMedicationView.identifier">
      <path value="BeModelMedicationView.identifier"/>
      <short value="The business identifier(s) for the Medication View"/>
      <definition value="The business identifier(s) for the Medication View"/>
      <min value="0"/>
      <max value="1"/>
      <type>
        <code value="Identifier"/>
      </type>
    </element>
    <element id="BeModelMedicationView.patient">
      <path value="BeModelMedicationView.patient"/>
      <short value="The subject of the medication record"/>
      <definition value="The subject of the medication record"/>
      <min value="1"/>
      <max value="1"/>
      <type>
        <code value="Reference"/>
      </type>
    </element>
    <element id="BeModelMedicationView.treatments">
      <path value="BeModelMedicationView.treatments"/>
      <short value="The treaments that are included in this record"/>
      <definition value="The treaments that are included in this record"/>
      <min value="0"/>
      <max value="*"/>
      <type>
        <code value="BackboneElement"/>
      </type>
    </element>
    <element id="BeModelMedicationView.treatments.indication">
      <path value="BeModelMedicationView.treatments.indication"/>
      <short value="Why the treatment exists"/>
      <definition value="Why the treatment exists"/>
      <min value="0"/>
      <max value="*"/>
      <type>
        <code value="CodeableConcept"/>
      </type>
    </element>
    <element id="BeModelMedicationView.treatments.treatmentLines">
      <path value="BeModelMedicationView.treatments.treatmentLines"/>
      <short value="The treatment lines that are included in this record"/>
      <definition value="The treatment lines that are included in this record"/>
      <min value="0"/>
      <max value="*"/>
      <type>
        <code value="BackboneElement"/>
      </type>
    </element>
    <element id="BeModelMedicationView.treatments.treatmentLines.product[x]">
      <path value="BeModelMedicationView.treatments.treatmentLines.product[x]"/>
      <short value="Product for which the treatment line refers to"/>
      <definition value="Product for which the treatment line refers to"/>
      <min value="1"/>
      <max value="1"/>
      <type>
        <code value="CodeableConcept"/>
      </type>
      <type>
        <code value="Reference"/>
        <targetProfile value="http://hl7.org/fhir/StructureDefinition/Medication"/>
      </type>
    </element>
    <element id="BeModelMedicationView.treatments.treatmentLines.detailedRecords">
      <path value="BeModelMedicationView.treatments.treatmentLines.detailedRecords"/>
      <short value="Detailed records"/>
      <definition value="Detailed records - the most granular interactions"/>
      <min value="0"/>
      <max value="*"/>
      <type>
        <code value="BackboneElement"/>
      </type>
    </element>
    <element id="BeModelMedicationView.treatments.treatmentLines.detailedRecords.orders">
      <path value="BeModelMedicationView.treatments.treatmentLines.detailedRecords.orders"/>
      <short value="Explicit or implicit order for medication use or changes"/>
      <definition value="Explicit or implicit order for medication use or changes"/>
      <min value="0"/>
      <max value="*"/>
      <type>
        <code value="http://hl7belgium.org/fhir/riziv-medicationrecord/StructureDefinition/BeModelMedicationRecordOrder"/>
      </type>
    </element>
    <element id="BeModelMedicationView.treatments.treatmentLines.detailedRecords.schedule">
      <path value="BeModelMedicationView.treatments.treatmentLines.detailedRecords.schedule"/>
      <short value="Scheduled administrations of the medication"/>
      <definition value="Scheduled administrations of the medication"/>
      <min value="0"/>
      <max value="*"/>
      <type>
        <code value="http://hl7belgium.org/fhir/riziv-medicationrecord/StructureDefinition/BeModelMedicationScheduledAdministration"/>
      </type>
    </element>
    <element id="BeModelMedicationView.treatments.treatmentLines.detailedRecords.dispenses">
      <path value="BeModelMedicationView.treatments.treatmentLines.detailedRecords.dispenses"/>
      <short value="Registered or reported dispenses"/>
      <definition value="Registered or reported dispenses"/>
      <min value="0"/>
      <max value="*"/>
      <type>
        <code value="http://hl7belgium.org/fhir/riziv-medicationrecord/StructureDefinition/BeModelMedicationRecordDispense"/>
      </type>
    </element>
    <element id="BeModelMedicationView.treatments.treatmentLines.detailedRecords.administrations">
      <path value="BeModelMedicationView.treatments.treatmentLines.detailedRecords.administrations"/>
      <short value="Registered or reported single administrations"/>
      <definition value="Registered or reported single administrations"/>
      <min value="0"/>
      <max value="*"/>
      <type>
        <code value="http://hl7belgium.org/fhir/riziv-medicationrecord/StructureDefinition/BeModelMedicationRecordAdministration"/>
      </type>
    </element>
    <element id="BeModelMedicationView.treatments.treatmentLines.detailedRecords.usageReports">
      <path value="BeModelMedicationView.treatments.treatmentLines.detailedRecords.usageReports"/>
      <short value="Reported statements of medication usage"/>
      <definition value="Reported statements of medication usage"/>
      <min value="0"/>
      <max value="*"/>
      <type>
        <code value="http://hl7belgium.org/fhir/riziv-medicationrecord/StructureDefinition/BeModelMedicationRecordUsage"/>
      </type>
    </element>
    <element id="BeModelMedicationView.changeRecord">
      <path value="BeModelMedicationView.changeRecord"/>
      <short value="Change records and provenance for the medication record components"/>
      <definition value="Change records and provenance for the medication record components"/>
      <min value="0"/>
      <max value="*"/>
      <type>
        <code value="Provenance"/>
      </type>
    </element>
  </differential>
</StructureDefinition>