<?xml version="1.0" encoding="UTF-8"?><ExampleScenario xmlns="http://hl7.org/fhir"><id value="example-6-scenario"/><url value="http://hl7belgium.org/fhir/riziv-medicationrecord/ExampleScenario/example-6-scenario"/><version value="0.1.0-test"/><name value="RefusalOfDispense"/><status value="draft"/><experimental value="false"/><date value="2019-09-11T00:00:00.000+01:00"/><publisher value="HL7 Belgium"/><contact><telecom><system value="url"/><value value="http://hl7belgium.org"/></telecom></contact><jurisdiction><coding><system value="urn:iso:std:iso:3166"/><code value="BE"/></coding></jurisdiction><actor><actorId value="PATIENT"/><type value="person"/><name value="Pia Peters"/></actor><actor><actorId value="GP"/><type value="person"/><name value="Dr. Durant"/></actor><actor><actorId value="VAULT"/><type value="entity"/><name value="Vault"/></actor><actor><actorId value="PHARM"/><type value="person"/><name value="Pharmacist"/></actor><instance><resourceId value="6-prescription"/><resourceType value="MedicationRequest"/><name value="New prescription"/></instance><instance><resourceId value="EB"/><resourceType value="Bundle"/><name value="Empty Bundle"/></instance><instance><resourceId value="6-treatmentLine"/><resourceType value="MedicationStatement"/><name value="New Treatment Line based on prescription"/></instance><instance><resourceId value="6-treatment"/><resourceType value="CarePlan"/><name value="New Treatment based on prescription"/></instance><instance><resourceId value="6-dispense"/><resourceType value="MedicationDispense"/><name value="Refused Dispense"/></instance><process><title value="Refuse the dispense prescribed medication"/><description value="description"/><preConditions value="The patient visits their GP and is prescribed ibuprofen 400 mg cp (TID) for headaches. The pharmacist, after a conversation with the patient, got to know that he was doing Tritace (ramipril) 10 mg for hypertension.Since the ibuprofen interacts with ramipril, the pharmacist chose to refuse the dispense of the medication."/><postConditions value="It is possible to capture that the original prescription was and that the dispense was refused"/><step><process><title value="Initial contact"/><step><operation><number value="1"/><name value="Goes to appointment"/><initiator value="PATIENT"/><receiver value="GP"/></operation></step><step><operation><number value="2"/><name value="Get Patient's Medication"/><initiator value="GP"/><receiver value="VAULT"/><response><resourceId value="EB"/></response></operation></step><step><operation><number value="3"/><name value="Create new prescription"/><initiator value="GP"/><receiver value="VAULT"/><request><resourceId value="6-prescription"/></request></operation></step></process></step><step><process><title value="Treatment resources Creation"/><step><operation><number value="4"/><name value="Create new treatment"/><initiator value="VAULT"/><receiver value="VAULT"/><request><resourceId value="6-treatment"/></request></operation></step><step><operation><number value="5"/><name value="Create new treatment Line"/><initiator value="VAULT"/><receiver value="VAULT"/><request><resourceId value="6-treatmentLine"/></request></operation></step></process></step><step><process><title value="Dispense"/><step><operation><number value="6"/><name value="Get patient's Prescriptions"/><initiator value="PHARM"/><receiver value="VAULT"/><response><resourceId value="EB"/></response></operation></step><step><operation><number value="7"/><name value="Refuse Dispense"/><initiator value="PHARM"/><receiver value="VAULT"/><request><resourceId value="6-dispense"/></request></operation></step></process></step><step><process><title value="Treatment Resources Update"/><step><operation><number value="8"/><name value="Update treatment"/><initiator value="VAULT"/><receiver value="VAULT"/><request><resourceId value="6-treatment"/></request></operation></step><step><operation><number value="9"/><name value="Update treatment Line"/><initiator value="VAULT"/><receiver value="VAULT"/><request><resourceId value="6-treatmentLine"/></request></operation></step></process></step></process></ExampleScenario>