{
  "resourceType": "CarePlan",
  "id": "15-treatment",
  "meta": {
    "profile": [
      "http://hl7belgium.org/fhir/riziv-medicationrecord/StructureDefinition/MedRecordTreatment"
    ]
  },
  "text": {
    "status": "generated",
    "div": "<div xmlns=\"http://www.w3.org/1999/xhtml\"><p><b>Generated Narrative</b></p><div style=\"display: inline-block; background-color: #d9e0e7; padding: 6px; margin: 4px; border: 1px solid #8da1b4; border-radius: 5px; line-height: 60%\"><p style=\"margin-bottom: 0px\">Resource \"15-treatment\" </p><p style=\"margin-bottom: 0px\">Profile: <a href=\"StructureDefinition-MedRecordTreatment.html\">MedRecord Treatment profile</a></p></div><p><b>identifier</b>: id: 743a5985-dfe3-4806-ae72-36fff1dd5b05</p><p><b>status</b>: active</p><p><b>intent</b>: plan</p><p><b>title</b>: Treatment for acid reflux</p><p><b>subject</b>: <span></span></p><p><b>created</b>: 2021-08-10 09:00:00+0200</p><p><b>addresses</b>: <a href=\"Condition-reflux-condition.html\">Condition/reflux-condition</a></p><blockquote><p><b>activity</b></p><h3>Details</h3><table class=\"grid\"><tr><td>-</td><td><b>Kind</b></td><td><b>Status</b></td><td><b>Product[x]</b></td></tr><tr><td>*</td><td>MedicationRequest</td><td>completed</td><td>Aspirine 500 mg (36 effervescent tablets) <span style=\"background: LightGoldenRodYellow; margin: 4px; border: 1px solid khaki\"> (cnk_product_codes#00)</span></td></tr></table></blockquote></div>"
  },
  "identifier": [
    {
      "system": "http://treatments-identifiers.com",
      "value": "743a5985-dfe3-4806-ae72-36fff1dd5b05"
    }
  ],
  "status": "active",
  "intent": "plan",
  "title": "Treatment for acid reflux",
  "subject": {
    "identifier": {
      "system": "https://www.ehealth.fgov.be/standards/fhir/NamingSystem/ssin",
      "value": "64110219106"
    }
  },
  "created": "2021-08-10T09:00:00+02:00",
  "addresses": [
    {
      "reference": "Condition/reflux-condition"
    }
  ],
  "activity": [
    {
      "detail": {
        "kind": "MedicationRequest",
        "status": "completed",
        "productCodeableConcept": {
          "coding": [
            {
              "system": "https://cnk.apb.be/codings/cnk_product_codes",
              "code": "00",
              "display": "Aspirine 500 mg (36 effervescent tablets)"
            }
          ]
        }
      }
    }
  ]
}