{
  "resourceType": "Composition",
  "id": "1-summary-view",
  "meta": {
    "profile": [
      "http://hl7belgium.org/fhir/riziv-medicationrecord/StructureDefinition/med-view-comp"
    ]
  },
  "text": {
    "status": "generated",
    "div": "<div xmlns=\"http://www.w3.org/1999/xhtml\"><p><b>Generated Narrative</b></p><div style=\"display: inline-block; background-color: #d9e0e7; padding: 6px; margin: 4px; border: 1px solid #8da1b4; border-radius: 5px; line-height: 60%\"><p style=\"margin-bottom: 0px\">Resource \"1-summary-view\" </p><p style=\"margin-bottom: 0px\">Profile: <a href=\"StructureDefinition-med-view-comp.html\">Medication View profile</a></p></div><p><b>status</b>: active</p><p><b>type</b>: Summary view for a physician <span style=\"background: LightGoldenRodYellow; margin: 4px; border: 1px solid khaki\"> (<a href=\"CodeSystem-be-cs-medication-summary-types.html\">Medication Summary Types CodeSystem</a>#Summary)</span></p><p><b>date</b>: 2021-08-15 01:00:00+0200</p><p><b>author</b>: <a href=\"BeOrganization\">BeOrganization</a> \"BeOrganization\"</p><p><b>title</b>: Scheduled View for Patient X</p></div>"
  },
  "status": "active",
  "type": {
    "coding": [
      {
        "system": "http://hl7belgium.org/fhir/riziv-medicationrecord/CodeSystem/be-cs-medication-summary-types",
        "code": "Summary"
      }
    ]
  },
  "date": "2021-08-15T13:00:00+02:00",
  "author": [
    {
      "reference": "BeOrganization"
    }
  ],
  "title": "Scheduled View for Patient X"
}