<?xml version="1.0" encoding="UTF-8"?>

<Composition xmlns="http://hl7.org/fhir">
  <id value="1-scheduled-view"/>
  <meta>
    <profile value="http://hl7belgium.org/fhir/riziv-medicationrecord/StructureDefinition/sche-view-comp"/>
  </meta>
  <text>
    <status value="generated"/><div xmlns="http://www.w3.org/1999/xhtml"><p><b>Generated Narrative</b></p><div style="display: inline-block; background-color: #d9e0e7; padding: 6px; margin: 4px; border: 1px solid #8da1b4; border-radius: 5px; line-height: 60%"><p style="margin-bottom: 0px">Resource "1-scheduled-view" </p><p style="margin-bottom: 0px">Profile: <a href="StructureDefinition-sche-view-comp.html">Medication View profile -second visualization</a></p></div><p><b>status</b>: active</p><p><b>type</b>: Scheduled Takes View <span style="background: LightGoldenRodYellow; margin: 4px; border: 1px solid khaki"> (<a href="CodeSystem-be-cs-medication-summary-types.html">Medication Summary Types CodeSystem</a>#Scheduled)</span></p><p><b>date</b>: 2021-08-15 01:00:00+0200</p><p><b>author</b>: <a href="BeOrganization">BeOrganization</a> "BeOrganization"</p><p><b>title</b>: Scheduled View for Patient X</p></div>
  </text>
  <status value="active"/>
  <type>
    <coding>
      <system value="http://hl7belgium.org/fhir/riziv-medicationrecord/CodeSystem/be-cs-medication-summary-types"/>
      <code value="Scheduled"/>
    </coding>
  </type>
  <date value="2021-08-15T13:00:00+02:00"/>
  <author>
    <reference value="BeOrganization"/>
  </author>
  <title value="Scheduled View for Patient X"/>
  <section>
    <title value="Treatments"/>
    <entry>
      <reference value="CarePlan/1-treatment"/>
    </entry>
  </section>
  <section>
    <entry>
      <reference value="MedicationStatement/1-treatmentLine"/>
    </entry>
  </section>
  <section>
    <entry>
      <reference value="MedicationRequest/1-scheduledadministration1"/>
    </entry>
    <entry>
      <reference value="MedicationRequest/1-scheduledadministration2"/>
    </entry>
  </section>
</Composition>