<?xml version="1.0" encoding="UTF-8"?>

<Condition xmlns="http://hl7.org/fhir">
  <id value="reflux-condition"/>
  <text>
    <status value="generated"/><div xmlns="http://www.w3.org/1999/xhtml"><p><b>Generated Narrative</b></p><div style="display: inline-block; background-color: #d9e0e7; padding: 6px; margin: 4px; border: 1px solid #8da1b4; border-radius: 5px; line-height: 60%"><p style="margin-bottom: 0px">Resource "reflux-condition" </p></div><p><b>code</b>: Gastro-oesophageal reflux disease without oesophagitis <span style="background: LightGoldenRodYellow; margin: 4px; border: 1px solid khaki"> (snomed.ct#266435005)</span></p><p><b>subject</b>: <span></span></p></div>
  </text>
  <code>
    <coding>
      <system value="http://snomed.ct"/>
      <code value="266435005"/>
      <display value="Gastro-oesophageal reflux disease without oesophagitis"/>
    </coding>
  </code>
  <subject>
    <identifier>
      <system value="https://www.ehealth.fgov.be/standards/fhir/NamingSystem/ssin"/>
      <value value="64110219106"/>
    </identifier>
  </subject>
</Condition>