<?xml version="1.0" encoding="UTF-8"?>

<ExampleScenario xmlns="http://hl7.org/fhir">
  <id value="example-2-scenario"/>
  <text>
    <status value="generated"/><div xmlns="http://www.w3.org/1999/xhtml"><p><b>Generated Narrative</b></p><div style="display: inline-block; background-color: #d9e0e7; padding: 6px; margin: 4px; border: 1px solid #8da1b4; border-radius: 5px; line-height: 60%"><p style="margin-bottom: 0px">Resource "example-2-scenario" </p></div><p><b>url</b>: <code>http://hl7belgium.org/fhir/riziv-medicationrecord/ExampleScenario/example-2-scenario</code></p><p><b>version</b>: 0.1.0-test</p><p><b>name</b>: ChangedmedicationDifferentVOSScenario</p><p><b>status</b>: draft</p><p><b>experimental</b>: false</p><p><b>date</b>: 2019-09-11 12:00:00+0100</p><p><b>publisher</b>: HL7 Belgium</p><p><b>contact</b>: <a href="http://hl7belgium.org">http://hl7belgium.org</a></p><p><b>jurisdiction</b>: Belgium <span style="background: LightGoldenRodYellow; margin: 4px; border: 1px solid khaki"> (unknown#BE)</span></p><blockquote><p><b>actor</b></p><p><b>actorId</b>: PATIENT</p><p><b>type</b>: person</p><p><b>name</b>: Pia Peters</p></blockquote><blockquote><p><b>actor</b></p><p><b>actorId</b>: GP</p><p><b>type</b>: person</p><p><b>name</b>: Dr. Durant</p></blockquote><blockquote><p><b>actor</b></p><p><b>actorId</b>: VAULT</p><p><b>type</b>: entity</p><p><b>name</b>: Vault</p></blockquote><blockquote><p><b>actor</b></p><p><b>actorId</b>: PHARM</p><p><b>type</b>: person</p><p><b>name</b>: Pharmacist</p></blockquote><blockquote><p><b>instance</b></p><p><b>resourceId</b>: 2a-prescription</p><p><b>resourceType</b>: MedicationRequest</p><p><b>name</b>: Paracetamol 1000 mg Prescription</p></blockquote><blockquote><p><b>instance</b></p><p><b>resourceId</b>: EB</p><p><b>resourceType</b>: Bundle</p><p><b>name</b>: Empty Bundle</p></blockquote><blockquote><p><b>instance</b></p><p><b>resourceId</b>: 2a-treatmentLine</p><p><b>resourceType</b>: MedicationStatement</p><p><b>name</b>: New Treatment Line</p></blockquote><blockquote><p><b>instance</b></p><p><b>resourceId</b>: 2a-treatment</p><p><b>resourceType</b>: CarePlan</p><p><b>name</b>: New Treatment</p></blockquote><blockquote><p><b>instance</b></p><p><b>resourceId</b>: 2a-dispense</p><p><b>resourceType</b>: MedicationDispense</p><p><b>name</b>: paracetamol 500 mg dispense</p></blockquote><blockquote><p><b>instance</b></p><p><b>resourceId</b>: 2-1-provenance</p><p><b>resourceType</b>: Provenance</p><p><b>name</b>: Link Prescription and treatmentLine</p></blockquote><blockquote><p><b>instance</b></p><p><b>resourceId</b>: 2-2-provenance</p><p><b>resourceType</b>: Provenance</p><p><b>name</b>: Link Dispense and treatmentLine</p></blockquote><blockquote><p><b>process</b></p><p><b>title</b>: Change VOS from prescription on dispense</p><p><b>description</b>: description</p><p><b>preConditions</b>: The patient visits their GP and is prescribed paracetamol 1000 mg cp (TID) for headaches. In the pharmacy, the pharmacist understands the the patient has problems swallowing the pill itself, so it trades the 1000 mg strength, for 500 mg and indicates that the patient should take 2x500 mg every 8h and not 1x1000mg every 8 hours.</p><p><b>postConditions</b>: A new treatment and treatmentLine are created, inside the new treatment line, a prescription and dispense are contained and is possible to see which medication is associated with each</p><blockquote><p><b>step</b></p><blockquote><p><b>process</b></p><p><b>title</b>: Initial Contact</p></blockquote></blockquote><blockquote><p><b>step</b></p><blockquote><p><b>process</b></p><p><b>title</b>: Treatment resources Creation</p></blockquote></blockquote><blockquote><p><b>step</b></p><blockquote><p><b>process</b></p><p><b>title</b>: Dispense</p></blockquote></blockquote><blockquote><p><b>step</b></p><blockquote><p><b>process</b></p><p><b>title</b>: Resource Linkage</p></blockquote></blockquote></blockquote></div>
  </text>
  <url value="http://hl7belgium.org/fhir/riziv-medicationrecord/ExampleScenario/example-2-scenario"/>
  <version value="0.1.0-test"/>
  <name value="ChangedmedicationDifferentVOSScenario"/>
  <status value="draft"/>
  <experimental value="false"/>
  <date value="2019-09-11T00:00:00.000+01:00"/>
  <publisher value="HL7 Belgium"/>
  <contact>
    <telecom>
      <system value="url"/>
      <value value="http://hl7belgium.org"/>
    </telecom>
  </contact>
  <jurisdiction>
    <coding>
      <system value="urn:iso:std:iso:3166"/>
      <code value="BE"/>
    </coding>
  </jurisdiction>
  <actor>
    <actorId value="PATIENT"/>
    <type value="person"/>
    <name value="Pia Peters"/>
  </actor>
  <actor>
    <actorId value="GP"/>
    <type value="person"/>
    <name value="Dr. Durant"/>
  </actor>
  <actor>
    <actorId value="VAULT"/>
    <type value="entity"/>
    <name value="Vault"/>
  </actor>
  <actor>
    <actorId value="PHARM"/>
    <type value="person"/>
    <name value="Pharmacist"/>
  </actor>
  <instance>
    <resourceId value="2a-prescription"/>
    <resourceType value="MedicationRequest"/>
    <name value="Paracetamol 1000 mg Prescription"/>
  </instance>
  <instance>
    <resourceId value="EB"/>
    <resourceType value="Bundle"/>
    <name value="Empty Bundle"/>
  </instance>
  <instance>
    <resourceId value="2a-treatmentLine"/>
    <resourceType value="MedicationStatement"/>
    <name value="New Treatment Line"/>
  </instance>
  <instance>
    <resourceId value="2a-treatment"/>
    <resourceType value="CarePlan"/>
    <name value="New Treatment"/>
  </instance>
  <instance>
    <resourceId value="2a-dispense"/>
    <resourceType value="MedicationDispense"/>
    <name value="paracetamol 500 mg dispense"/>
  </instance>
  <instance>
    <resourceId value="2-1-provenance"/>
    <resourceType value="Provenance"/>
    <name value="Link Prescription and treatmentLine"/>
  </instance>
  <instance>
    <resourceId value="2-2-provenance"/>
    <resourceType value="Provenance"/>
    <name value="Link Dispense and treatmentLine"/>
  </instance>
  <process>
    <title value="Change VOS from prescription on dispense"/>
    <description value="description"/>
    <preConditions value="The patient visits their GP and is prescribed paracetamol 1000 mg cp (TID) for headaches. In the pharmacy, the pharmacist understands the the patient has problems swallowing the pill itself, so it trades the 1000 mg strength, for 500 mg and indicates that the patient should take 2x500 mg every 8h and not 1x1000mg every 8 hours."/>
    <postConditions value="A new treatment and treatmentLine are created, inside the new treatment line, a prescription and dispense are contained and is possible to see which medication is associated with each"/>
    <step>
      <process>
        <title value="Initial Contact"/>
        <step>
          <operation>
            <number value="1"/>
            <name value="Goes to appointment"/>
            <initiator value="PATIENT"/>
            <receiver value="GP"/>
          </operation>
        </step>
        <step>
          <operation>
            <number value="2"/>
            <name value="Get Patient's Medication"/>
            <initiator value="VAULT"/>
            <receiver value="GP"/>
            <response>
              <resourceId value="EB"/>
            </response>
          </operation>
        </step>
        <step>
          <operation>
            <number value="3"/>
            <name value="Create new prescription"/>
            <initiator value="GP"/>
            <receiver value="VAULT"/>
            <response>
              <resourceId value="2a-prescription"/>
            </response>
          </operation>
        </step>
      </process>
    </step>
    <step>
      <process>
        <title value="Treatment resources Creation"/>
        <step>
          <operation>
            <number value="4"/>
            <name value="Create new treatment"/>
            <initiator value="VAULT"/>
            <receiver value="VAULT"/>
            <request>
              <resourceId value="2a-treatment"/>
            </request>
          </operation>
        </step>
        <step>
          <operation>
            <number value="5"/>
            <name value="Create new treatment Line"/>
            <initiator value="VAULT"/>
            <receiver value="VAULT"/>
            <request>
              <resourceId value="2a-treatmentLine"/>
            </request>
          </operation>
        </step>
        <step>
          <operation>
            <number value="6"/>
            <name value="Resource Linking"/>
            <initiator value="VAULT"/>
            <receiver value="VAULT"/>
            <request>
              <resourceId value="2-1-provenance"/>
            </request>
          </operation>
        </step>
      </process>
    </step>
    <step>
      <process>
        <title value="Dispense"/>
        <step>
          <operation>
            <number value="7"/>
            <name value="Get patient's Prescriptions"/>
            <initiator value="VAULT"/>
            <receiver value="PHARM"/>
            <request>
              <resourceId value="EB"/>
            </request>
          </operation>
        </step>
        <step>
          <operation>
            <number value="8"/>
            <name value="Create new dispense"/>
            <initiator value="PHARM"/>
            <receiver value="VAULT"/>
            <request>
              <resourceId value="2a-dispense"/>
            </request>
          </operation>
        </step>
      </process>
    </step>
    <step>
      <process>
        <title value="Resource Linkage"/>
        <step>
          <operation>
            <number value="8"/>
            <name value="Resource Linking"/>
            <initiator value="VAULT"/>
            <receiver value="VAULT"/>
            <request>
              <resourceId value="2-2-provenance"/>
            </request>
          </operation>
        </step>
      </process>
    </step>
  </process>
</ExampleScenario>