<?xml version="1.0" encoding="UTF-8"?>

<NamingSystem xmlns="http://hl7.org/fhir">
  <id value="be-ns-cnk-codes"/>
  <text>
    <status value="generated"/><div xmlns="http://www.w3.org/1999/xhtml"><h3>Summary</h3><table class="grid"><tr><td>Defining URL</td><td>http://hl7belgium.org/fhir/riziv-medicationrecord/NamingSystem/be-ns-cnk-codes</td></tr><tr><td>Version</td><td>0.1.0-test</td></tr><tr><td>Name</td><td>BeNSCNK</td></tr><tr><td>Status</td><td>active</td></tr><tr><td>Definition</td><td><div><p>Naming System - CNK Product Codes</p>
</div></td></tr><tr><td>Publisher</td><td>HL7 Belgium</td></tr></table><h3>Identifiers</h3><table class="grid"><tr><td><b>Type</b></td><td><b>Value</b></td><td><b>Preferred</b></td></tr><tr><td>URI</td><td>https://www.ehealth.fgov.be/standards/fhir/NamingSystem/cnk-codes</td><td>true</td></tr></table></div>
  </text>
  <name value="BeNSCNK"/>
  <status value="active"/>
  <kind value="codesystem"/>
  <date value="2020-07-24"/>
  <publisher value="HL7 Belgium"/>
  <contact>
    <telecom>
      <system value="url"/>
      <value value="http://hl7belgium.org"/>
    </telecom>
  </contact>
  <description value="Naming System - CNK Product Codes"/>
  <jurisdiction>
    <coding>
      <system value="urn:iso:std:iso:3166"/>
      <code value="BE"/>
    </coding>
  </jurisdiction>
  <uniqueId>
    <type value="uri"/>
    <value value="https://www.ehealth.fgov.be/standards/fhir/NamingSystem/cnk-codes"/>
    <preferred value="true"/>
  </uniqueId>
</NamingSystem>