{
  "resourceType": "MedicationStatement",
  "id": "Paracetamol500mg1xCV",
  "text": {
    "status": "generated",
    "div": "<div xmlns=\"http://www.w3.org/1999/xhtml\"><p><b>Generated Narrative</b></p><div style=\"display: inline-block; background-color: #d9e0e7; padding: 6px; margin: 4px; border: 1px solid #8da1b4; border-radius: 5px; line-height: 60%\"><p style=\"margin-bottom: 0px\">Resource \"Paracetamol500mg1xCV\" </p></div><p><b>status</b>: active</p><p><b>medication</b>: Dafalgan 500mg Odis 16 tabs <span style=\"background: LightGoldenRodYellow; margin: 4px; border: 1px solid khaki\"> ([not stated]#2544948)</span></p><p><b>subject</b>: <a href=\"Patient1\">Patient1</a></p><p><b>effective</b>: 2021-07-01 --&gt; (ongoing)</p></div>"
  },
  "status": "active",
  "medicationCodeableConcept": {
    "coding": [
      {
        "code": "2544948",
        "display": "Dafalgan 500mg Odis 16 tabs"
      }
    ]
  },
  "subject": {
    "reference": "Patient1"
  },
  "effectivePeriod": {
    "start": "2021-07-01"
  },
  "dosage": [
    {
      "timing": {
        "repeat": {
          "when": [
            "CV"
          ]
        }
      },
      "doseAndRate": [
        {
          "doseQuantity": {
            "value": 1
          }
        }
      ]
    }
  ]
}