<?xml version="1.0" encoding="UTF-8"?><ExampleScenario xmlns="http://hl7.org/fhir"><id value="example-2-scenario"/><url value="http://hl7belgium.org/fhir/riziv-medicationrecord/ExampleScenario/example-2-scenario"/><version value="0.1.0-test"/><name value="ChangedmedicationDifferentVOSScenario"/><status value="draft"/><experimental value="false"/><date value="2019-09-11T00:00:00.000+01:00"/><publisher value="HL7 Belgium"/><contact><telecom><system value="url"/><value value="http://hl7belgium.org"/></telecom></contact><jurisdiction><coding><system value="urn:iso:std:iso:3166"/><code value="BE"/></coding></jurisdiction><actor><actorId value="PATIENT"/><type value="person"/><name value="Pia Peters"/></actor><actor><actorId value="GP"/><type value="person"/><name value="Dr. Durant"/></actor><actor><actorId value="VAULT"/><type value="entity"/><name value="Vault"/></actor><actor><actorId value="PHARM"/><type value="person"/><name value="Pharmacist"/></actor><instance><resourceId value="2a-prescription"/><resourceType value="MedicationRequest"/><name value="New Prescription"/></instance><instance><resourceId value="EB"/><resourceType value="Bundle"/><name value="Empty Bundle"/></instance><instance><resourceId value="2a-treatmentLine"/><resourceType value="MedicationStatement"/><name value="New Treatment Line"/></instance><instance><resourceId value="2a-treatment"/><resourceType value="CarePlan"/><name value="New Treatment"/></instance><instance><resourceId value="2a-dispense"/><resourceType value="MedicationDispense"/><name value="New dispense"/></instance><instance><resourceId value="2-1-provenance"/><resourceType value="Provenance"/><name value="Link Prescription and treatmentLine"/></instance><instance><resourceId value="2-2-provenance"/><resourceType value="Provenance"/><name value="Link Dispense and treatmentLine"/></instance><process><title value="Change VOS from prescription on dispense"/><description value="description"/><preConditions value="The patient visits their GP and is prescribed paracetamol 1000 mg cp (TID) for headaches. In the pharmacy, the pharmacist understands the the patient has problems swallowing the pill itself, so it trades the 1000 mg strength, for 500 mg and indicates that the patient should take 2x500 mg every 8h and not 1x1000mg every 8 hours."/><postConditions value="A new treatment and treatmentLine are created, inside the new treatment line, a prescription and dispense are contained and is possible to see which medication is associated with each"/><step><process><title value="Initial Contact"/><step><operation><number value="1"/><name value="Goes to appointment"/><initiator value="PATIENT"/><receiver value="GP"/></operation></step><step><operation><number value="2"/><name value="Get Patient's Medication"/><initiator value="VAULT"/><receiver value="GP"/><response><resourceId value="EB"/></response></operation></step><step><operation><number value="3"/><name value="Create new prescription"/><initiator value="GP"/><receiver value="VAULT"/><response><resourceId value="2a-prescription"/></response></operation></step></process></step><step><process><title value="Treatment resources Creation"/><step><operation><number value="4"/><name value="Create new treatment"/><initiator value="VAULT"/><receiver value="VAULT"/><request><resourceId value="2a-treatment"/></request></operation></step><step><operation><number value="5"/><name value="Create new treatment Line"/><initiator value="VAULT"/><receiver value="VAULT"/><request><resourceId value="2a-treatmentLine"/></request></operation></step><step><operation><number value="6"/><name value="Resource Linking"/><initiator value="VAULT"/><receiver value="VAULT"/><request><resourceId value="2-1-provenance"/></request></operation></step></process></step><step><process><title value="Dispense"/><step><operation><number value="7"/><name value="Get patient's Prescriptions"/><initiator value="VAULT"/><receiver value="PHARM"/><request><resourceId value="EB"/></request></operation></step><step><operation><number value="8"/><name value="Create new dispense"/><initiator value="PHARM"/><receiver value="VAULT"/><request><resourceId value="2a-dispense"/></request></operation></step><step><operation><number value="9"/><name value="Resource Linking"/><initiator value="PHARM"/><receiver value="VAULT"/><request><resourceId value="2-2-provenance"/></request></operation></step></process></step></process></ExampleScenario>