<?xml version="1.0" encoding="UTF-8"?><StructureDefinition xmlns="http://hl7.org/fhir"><id value="BeModelMedicationRecordTreatmentLine"/><text><status value="extensions"/><div xmlns="http://www.w3.org/1999/xhtml"><table border="0" cellpadding="0" cellspacing="0" style="border: 0px #F0F0F0 solid; font-size: 11px; font-family: verdana; vertical-align: top;"><tr style="border: 1px #F0F0F0 solid; font-size: 11px; font-family: verdana; vertical-align: top"><th style="vertical-align: top; text-align : left; background-color: white; border: 0px #F0F0F0 solid; padding:0px 4px 0px 4px" class="hierarchy"><a href="http://hl7.org/fhir/R4/formats.html#table" title="The logical name of the element">Name</a></th><th style="vertical-align: top; text-align : left; background-color: white; border: 0px #F0F0F0 solid; padding:0px 4px 0px 4px" class="hierarchy"><a href="http://hl7.org/fhir/R4/formats.html#table" title="Information about the use of the element">Flags</a></th><th style="vertical-align: top; text-align : left; background-color: white; border: 0px #F0F0F0 solid; padding:0px 4px 0px 4px" class="hierarchy"><a href="http://hl7.org/fhir/R4/formats.html#table" title="Minimum and Maximum # of times the the element can appear in the instance">Card.</a></th><th style="width: 100px" class="hierarchy"><a href="http://hl7.org/fhir/R4/formats.html#table" title="Reference to the type of the element">Type</a></th><th style="vertical-align: top; text-align : left; background-color: white; border: 0px #F0F0F0 solid; padding:0px 4px 0px 4px" class="hierarchy"><a href="http://hl7.org/fhir/R4/formats.html#table" title="Additional information about the element">Description &amp; Constraints</a><span style="float: right"><a href="http://hl7.org/fhir/R4/formats.html#table" title="Legend for this format"><img src="http://hl7.org/fhir/R4/help16.png" alt="doco" style="background-color: inherit"/></a></span></th></tr><tr style="border: 0px #F0F0F0 solid; padding:0px; vertical-align: top; background-color: white"><td style="vertical-align: top; text-align : left; background-color: white; border: 0px #F0F0F0 solid; padding:0px 4px 0px 4px; white-space: nowrap; background-image: url(tbl_bck1.png)" class="hierarchy"><img src="tbl_spacer.png" alt="." style="background-color: inherit" class="hierarchy"/><img src="icon_element.gif" alt="." style="background-color: white; background-color: inherit" title="Element" class="hierarchy"/> <a href="StructureDefinition-BeModelMedicationRecordTreatmentLine-definitions.html#BeModelMedicationRecordTreatmentLine" title="A model for representing a Treatment Line.">BeModelMedicationRecordTreatmentLine</a><a name="BeModelMedicationRecordTreatmentLine"> </a></td><td style="vertical-align: top; text-align : left; background-color: white; border: 0px #F0F0F0 solid; padding:0px 4px 0px 4px" class="hierarchy"/><td style="vertical-align: top; text-align : left; background-color: white; border: 0px #F0F0F0 solid; padding:0px 4px 0px 4px" class="hierarchy"><span style="opacity: 0.5">0</span><span style="opacity: 0.5">..</span><span style="opacity: 0.5">*</span></td><td style="vertical-align: top; text-align : left; background-color: white; border: 0px #F0F0F0 solid; padding:0px 4px 0px 4px" class="hierarchy"/><td style="vertical-align: top; text-align : left; background-color: white; border: 0px #F0F0F0 solid; padding:0px 4px 0px 4px" class="hierarchy">Medication Record Treatment Line - logical model</td></tr>
<tr style="border: 0px #F0F0F0 solid; padding:0px; vertical-align: top; background-color: #F7F7F7"><td style="vertical-align: top; text-align : left; background-color: #F7F7F7; border: 0px #F0F0F0 solid; padding:0px 4px 0px 4px; white-space: nowrap; background-image: url(tbl_bck10.png)" class="hierarchy"><img src="tbl_spacer.png" alt="." style="background-color: inherit" class="hierarchy"/><img src="tbl_vjoin.png" alt="." style="background-color: inherit" class="hierarchy"/><img src="icon_datatype.gif" alt="." style="background-color: #F7F7F7; background-color: inherit" title="Data Type" class="hierarchy"/> <a href="StructureDefinition-BeModelMedicationRecordTreatmentLine-definitions.html#BeModelMedicationRecordTreatmentLine.identifier" title="The business identifier(s) for the medication treatment Line">identifier</a><a name="BeModelMedicationRecordTreatmentLine.identifier"> </a></td><td style="vertical-align: top; text-align : left; background-color: #F7F7F7; border: 0px #F0F0F0 solid; padding:0px 4px 0px 4px" class="hierarchy"/><td style="vertical-align: top; text-align : left; background-color: #F7F7F7; border: 0px #F0F0F0 solid; padding:0px 4px 0px 4px" class="hierarchy">0..1</td><td style="vertical-align: top; text-align : left; background-color: #F7F7F7; border: 0px #F0F0F0 solid; padding:0px 4px 0px 4px" class="hierarchy"><a href="http://hl7.org/fhir/R4/datatypes.html#Identifier">Identifier</a></td><td style="vertical-align: top; text-align : left; background-color: #F7F7F7; border: 0px #F0F0F0 solid; padding:0px 4px 0px 4px" class="hierarchy">The business identifier(s) for the medication treatment Line</td></tr>
<tr style="border: 0px #F0F0F0 solid; padding:0px; vertical-align: top; background-color: white"><td style="vertical-align: top; text-align : left; background-color: white; border: 0px #F0F0F0 solid; padding:0px 4px 0px 4px; white-space: nowrap; background-image: url(tbl_bck10.png)" class="hierarchy"><img src="tbl_spacer.png" alt="." style="background-color: inherit" class="hierarchy"/><img src="tbl_vjoin.png" alt="." style="background-color: inherit" class="hierarchy"/><img src="icon_reference.png" alt="." style="background-color: white; background-color: inherit" title="Reference to another Resource" class="hierarchy"/> <a href="StructureDefinition-BeModelMedicationRecordTreatmentLine-definitions.html#BeModelMedicationRecordTreatmentLine.basedOn" title="The identifier of the treatment from which this line stems">basedOn</a><a name="BeModelMedicationRecordTreatmentLine.basedOn"> </a></td><td style="vertical-align: top; text-align : left; background-color: white; border: 0px #F0F0F0 solid; padding:0px 4px 0px 4px" class="hierarchy"/><td style="vertical-align: top; text-align : left; background-color: white; border: 0px #F0F0F0 solid; padding:0px 4px 0px 4px" class="hierarchy">0..1</td><td style="vertical-align: top; text-align : left; background-color: white; border: 0px #F0F0F0 solid; padding:0px 4px 0px 4px" class="hierarchy"><a href="http://hl7.org/fhir/R4/references.html">Reference</a>(<a href="StructureDefinition-BeModelMedicationRecordTreatment.html">Medication Record - Medication Treatment</a>)</td><td style="vertical-align: top; text-align : left; background-color: white; border: 0px #F0F0F0 solid; padding:0px 4px 0px 4px" class="hierarchy">The identifier of the treatment from which this line stems</td></tr>
<tr style="border: 0px #F0F0F0 solid; padding:0px; vertical-align: top; background-color: #F7F7F7"><td style="vertical-align: top; text-align : left; background-color: #F7F7F7; border: 0px #F0F0F0 solid; padding:0px 4px 0px 4px; white-space: nowrap; background-image: url(tbl_bck10.png)" class="hierarchy"><img src="tbl_spacer.png" alt="." style="background-color: inherit" class="hierarchy"/><img src="tbl_vjoin.png" alt="." style="background-color: inherit" class="hierarchy"/><img src="icon_reference.png" alt="." style="background-color: #F7F7F7; background-color: inherit" title="Reference to another Resource" class="hierarchy"/> <a href="StructureDefinition-BeModelMedicationRecordTreatmentLine-definitions.html#BeModelMedicationRecordTreatmentLine.subject" title="For whom this treatment line was created">subject</a><a name="BeModelMedicationRecordTreatmentLine.subject"> </a></td><td style="vertical-align: top; text-align : left; background-color: #F7F7F7; border: 0px #F0F0F0 solid; padding:0px 4px 0px 4px" class="hierarchy"/><td style="vertical-align: top; text-align : left; background-color: #F7F7F7; border: 0px #F0F0F0 solid; padding:0px 4px 0px 4px" class="hierarchy">1..1</td><td style="vertical-align: top; text-align : left; background-color: #F7F7F7; border: 0px #F0F0F0 solid; padding:0px 4px 0px 4px" class="hierarchy"><a href="http://hl7.org/fhir/R4/references.html">Reference</a>(<a href="http://hl7.org/fhir/R4/patient.html">Patient</a>)</td><td style="vertical-align: top; text-align : left; background-color: #F7F7F7; border: 0px #F0F0F0 solid; padding:0px 4px 0px 4px" class="hierarchy">For whom this treatment line was created</td></tr>
<tr style="border: 0px #F0F0F0 solid; padding:0px; vertical-align: top; background-color: white"><td style="vertical-align: top; text-align : left; background-color: white; border: 0px #F0F0F0 solid; padding:0px 4px 0px 4px; white-space: nowrap; background-image: url(tbl_bck10.png)" class="hierarchy"><img src="tbl_spacer.png" alt="." style="background-color: inherit" class="hierarchy"/><img src="tbl_vjoin.png" alt="." style="background-color: inherit" class="hierarchy"/><img src="icon_reference.png" alt="." style="background-color: white; background-color: inherit" title="Reference to another Resource" class="hierarchy"/> <a href="StructureDefinition-BeModelMedicationRecordTreatmentLine-definitions.html#BeModelMedicationRecordTreatmentLine.recorder" title="Who created this treatment line">recorder</a><a name="BeModelMedicationRecordTreatmentLine.recorder"> </a></td><td style="vertical-align: top; text-align : left; background-color: white; border: 0px #F0F0F0 solid; padding:0px 4px 0px 4px" class="hierarchy"/><td style="vertical-align: top; text-align : left; background-color: white; border: 0px #F0F0F0 solid; padding:0px 4px 0px 4px" class="hierarchy">1..1</td><td style="vertical-align: top; text-align : left; background-color: white; border: 0px #F0F0F0 solid; padding:0px 4px 0px 4px" class="hierarchy"><a href="http://hl7.org/fhir/R4/references.html">Reference</a>(<a href="http://hl7.org/fhir/R4/practitioner.html">Practitioner</a> | <a href="http://hl7.org/fhir/R4/organization.html">Organization</a>)</td><td style="vertical-align: top; text-align : left; background-color: white; border: 0px #F0F0F0 solid; padding:0px 4px 0px 4px" class="hierarchy">Who created this treatment line</td></tr>
<tr style="border: 0px #F0F0F0 solid; padding:0px; vertical-align: top; background-color: #F7F7F7"><td style="vertical-align: top; text-align : left; background-color: #F7F7F7; border: 0px #F0F0F0 solid; padding:0px 4px 0px 4px; white-space: nowrap; background-image: url(tbl_bck10.png)" class="hierarchy"><img src="tbl_spacer.png" alt="." style="background-color: inherit" class="hierarchy"/><img src="tbl_vjoin.png" alt="." style="background-color: inherit" class="hierarchy"/><img src="icon_primitive.png" alt="." style="background-color: #F7F7F7; background-color: inherit" title="Primitive Data Type" class="hierarchy"/> <a href="StructureDefinition-BeModelMedicationRecordTreatmentLine-definitions.html#BeModelMedicationRecordTreatmentLine.recordDate" title="Datetime that the treatment line was created or updated">recordDate</a><a name="BeModelMedicationRecordTreatmentLine.recordDate"> </a></td><td style="vertical-align: top; text-align : left; background-color: #F7F7F7; border: 0px #F0F0F0 solid; padding:0px 4px 0px 4px" class="hierarchy"/><td style="vertical-align: top; text-align : left; background-color: #F7F7F7; border: 0px #F0F0F0 solid; padding:0px 4px 0px 4px" class="hierarchy">1..1</td><td style="vertical-align: top; text-align : left; background-color: #F7F7F7; border: 0px #F0F0F0 solid; padding:0px 4px 0px 4px" class="hierarchy"><a href="http://hl7.org/fhir/R4/datatypes.html#dateTime">dateTime</a></td><td style="vertical-align: top; text-align : left; background-color: #F7F7F7; border: 0px #F0F0F0 solid; padding:0px 4px 0px 4px" class="hierarchy">Datetime that the treatment line was created or updated</td></tr>
<tr style="border: 0px #F0F0F0 solid; padding:0px; vertical-align: top; background-color: white"><td style="vertical-align: top; text-align : left; background-color: white; border: 0px #F0F0F0 solid; padding:0px 4px 0px 4px; white-space: nowrap; background-image: url(tbl_bck10.png)" class="hierarchy"><img src="tbl_spacer.png" alt="." style="background-color: inherit" class="hierarchy"/><img src="tbl_vjoin.png" alt="." style="background-color: inherit" class="hierarchy"/><img src="icon_primitive.png" alt="." style="background-color: white; background-color: inherit" title="Primitive Data Type" class="hierarchy"/> <a href="StructureDefinition-BeModelMedicationRecordTreatmentLine-definitions.html#BeModelMedicationRecordTreatmentLine.startMedicationDate" title="Start date of the medication">startMedicationDate</a><a name="BeModelMedicationRecordTreatmentLine.startMedicationDate"> </a></td><td style="vertical-align: top; text-align : left; background-color: white; border: 0px #F0F0F0 solid; padding:0px 4px 0px 4px" class="hierarchy"/><td style="vertical-align: top; text-align : left; background-color: white; border: 0px #F0F0F0 solid; padding:0px 4px 0px 4px" class="hierarchy">1..1</td><td style="vertical-align: top; text-align : left; background-color: white; border: 0px #F0F0F0 solid; padding:0px 4px 0px 4px" class="hierarchy"><a href="http://hl7.org/fhir/R4/datatypes.html#dateTime">dateTime</a></td><td style="vertical-align: top; text-align : left; background-color: white; border: 0px #F0F0F0 solid; padding:0px 4px 0px 4px" class="hierarchy">Start date of the medication</td></tr>
<tr style="border: 0px #F0F0F0 solid; padding:0px; vertical-align: top; background-color: #F7F7F7"><td style="vertical-align: top; text-align : left; background-color: #F7F7F7; border: 0px #F0F0F0 solid; padding:0px 4px 0px 4px; white-space: nowrap; background-image: url(tbl_bck10.png)" class="hierarchy"><img src="tbl_spacer.png" alt="." style="background-color: inherit" class="hierarchy"/><img src="tbl_vjoin.png" alt="." style="background-color: inherit" class="hierarchy"/><img src="icon_primitive.png" alt="." style="background-color: #F7F7F7; background-color: inherit" title="Primitive Data Type" class="hierarchy"/> <a href="StructureDefinition-BeModelMedicationRecordTreatmentLine-definitions.html#BeModelMedicationRecordTreatmentLine.endMedicationDate" title="End date, if exists, for stopping the medication">endMedicationDate</a><a name="BeModelMedicationRecordTreatmentLine.endMedicationDate"> </a></td><td style="vertical-align: top; text-align : left; background-color: #F7F7F7; border: 0px #F0F0F0 solid; padding:0px 4px 0px 4px" class="hierarchy"/><td style="vertical-align: top; text-align : left; background-color: #F7F7F7; border: 0px #F0F0F0 solid; padding:0px 4px 0px 4px" class="hierarchy">0..1</td><td style="vertical-align: top; text-align : left; background-color: #F7F7F7; border: 0px #F0F0F0 solid; padding:0px 4px 0px 4px" class="hierarchy"><a href="http://hl7.org/fhir/R4/datatypes.html#dateTime">dateTime</a></td><td style="vertical-align: top; text-align : left; background-color: #F7F7F7; border: 0px #F0F0F0 solid; padding:0px 4px 0px 4px" class="hierarchy">End date, if exists, for stopping the medication</td></tr>
<tr style="border: 0px #F0F0F0 solid; padding:0px; vertical-align: top; background-color: white"><td style="vertical-align: top; text-align : left; background-color: white; border: 0px #F0F0F0 solid; padding:0px 4px 0px 4px; white-space: nowrap; background-image: url(tbl_bck10.png)" class="hierarchy"><img src="tbl_spacer.png" alt="." style="background-color: inherit" class="hierarchy"/><img src="tbl_vjoin.png" alt="." style="background-color: inherit" class="hierarchy"/><img src="icon_datatype.gif" alt="." style="background-color: white; background-color: inherit" title="Data Type" class="hierarchy"/> <a href="StructureDefinition-BeModelMedicationRecordTreatmentLine-definitions.html#BeModelMedicationRecordTreatmentLine.originType" title="From what context this treatment line stems, whether is ambulatory prescription, patient request, etc">originType</a><a name="BeModelMedicationRecordTreatmentLine.originType"> </a></td><td style="vertical-align: top; text-align : left; background-color: white; border: 0px #F0F0F0 solid; padding:0px 4px 0px 4px" class="hierarchy"/><td style="vertical-align: top; text-align : left; background-color: white; border: 0px #F0F0F0 solid; padding:0px 4px 0px 4px" class="hierarchy">1..1</td><td style="vertical-align: top; text-align : left; background-color: white; border: 0px #F0F0F0 solid; padding:0px 4px 0px 4px" class="hierarchy"><a href="http://hl7.org/fhir/R4/datatypes.html#CodeableConcept">CodeableConcept</a></td><td style="vertical-align: top; text-align : left; background-color: white; border: 0px #F0F0F0 solid; padding:0px 4px 0px 4px" class="hierarchy">From what context this treatment line stems</td></tr>
<tr style="border: 0px #F0F0F0 solid; padding:0px; vertical-align: top; background-color: #F7F7F7"><td style="vertical-align: top; text-align : left; background-color: #F7F7F7; border: 0px #F0F0F0 solid; padding:0px 4px 0px 4px; white-space: nowrap; background-image: url(tbl_bck10.png)" class="hierarchy"><img src="tbl_spacer.png" alt="." style="background-color: inherit" class="hierarchy"/><img src="tbl_vjoin.png" alt="." style="background-color: inherit" class="hierarchy"/><img src="icon_datatype.gif" alt="." style="background-color: #F7F7F7; background-color: inherit" title="Data Type" class="hierarchy"/> <a href="StructureDefinition-BeModelMedicationRecordTreatmentLine-definitions.html#BeModelMedicationRecordTreatmentLine.reaction" title="Reaction to this treatment line">reaction</a><a name="BeModelMedicationRecordTreatmentLine.reaction"> </a></td><td style="vertical-align: top; text-align : left; background-color: #F7F7F7; border: 0px #F0F0F0 solid; padding:0px 4px 0px 4px" class="hierarchy"/><td style="vertical-align: top; text-align : left; background-color: #F7F7F7; border: 0px #F0F0F0 solid; padding:0px 4px 0px 4px" class="hierarchy">0..*</td><td style="vertical-align: top; text-align : left; background-color: #F7F7F7; border: 0px #F0F0F0 solid; padding:0px 4px 0px 4px" class="hierarchy"><a href="http://hl7.org/fhir/R4/datatypes.html#CodeableConcept">CodeableConcept</a></td><td style="vertical-align: top; text-align : left; background-color: #F7F7F7; border: 0px #F0F0F0 solid; padding:0px 4px 0px 4px" class="hierarchy">Reaction to this treatment line<br/></td></tr>
<tr style="border: 0px #F0F0F0 solid; padding:0px; vertical-align: top; background-color: white"><td style="vertical-align: top; text-align : left; background-color: white; border: 0px #F0F0F0 solid; padding:0px 4px 0px 4px; white-space: nowrap; background-image: url(tbl_bck11.png)" class="hierarchy"><img src="tbl_spacer.png" alt="." style="background-color: inherit" class="hierarchy"/><img src="tbl_vjoin.png" alt="." style="background-color: inherit" class="hierarchy"/><img src="icon_choice.gif" alt="." style="background-color: white; background-color: inherit" title="Choice of Types" class="hierarchy"/> <a href="StructureDefinition-BeModelMedicationRecordTreatmentLine-definitions.html#BeModelMedicationRecordTreatmentLine.product[x]" title="Product for which the treatment line refers to">product[x]</a><a name="BeModelMedicationRecordTreatmentLine.product_x_"> </a></td><td style="vertical-align: top; text-align : left; background-color: white; border: 0px #F0F0F0 solid; padding:0px 4px 0px 4px" class="hierarchy"/><td style="vertical-align: top; text-align : left; background-color: white; border: 0px #F0F0F0 solid; padding:0px 4px 0px 4px" class="hierarchy">1..1</td><td style="vertical-align: top; text-align : left; background-color: white; border: 0px #F0F0F0 solid; padding:0px 4px 0px 4px" class="hierarchy"/><td style="vertical-align: top; text-align : left; background-color: white; border: 0px #F0F0F0 solid; padding:0px 4px 0px 4px" class="hierarchy">Product for which the treatment line refers to</td></tr>
<tr style="border: 0px #F0F0F0 solid; padding:0px; vertical-align: top; background-color: #F7F7F7"><td style="vertical-align: top; text-align : left; background-color: #F7F7F7; border: 0px #F0F0F0 solid; padding:0px 4px 0px 4px; white-space: nowrap; background-image: url(tbl_bck110.png)" class="hierarchy"><img src="tbl_spacer.png" alt="." style="background-color: inherit" class="hierarchy"/><img src="tbl_vline.png" alt="." style="background-color: inherit" class="hierarchy"/><img src="tbl_vjoin.png" alt="." style="background-color: inherit" class="hierarchy"/><img src="icon_datatype.gif" alt="." style="background-color: #F7F7F7; background-color: inherit" title="Data Type" class="hierarchy"/> <span title="Base StructureDefinition for CodeableConcept Type: A concept that may be defined by a formal reference to a terminology or ontology or may be provided by text.">productCodeableConcept</span></td><td style="vertical-align: top; text-align : left; background-color: #F7F7F7; border: 0px #F0F0F0 solid; padding:0px 4px 0px 4px" class="hierarchy"/><td style="vertical-align: top; text-align : left; background-color: #F7F7F7; border: 0px #F0F0F0 solid; padding:0px 4px 0px 4px" class="hierarchy"></td><td style="vertical-align: top; text-align : left; background-color: #F7F7F7; border: 0px #F0F0F0 solid; padding:0px 4px 0px 4px" class="hierarchy"><a href="http://hl7.org/fhir/R4/datatypes.html#CodeableConcept">CodeableConcept</a></td><td style="vertical-align: top; text-align : left; background-color: #F7F7F7; border: 0px #F0F0F0 solid; padding:0px 4px 0px 4px" class="hierarchy"/></tr>
<tr style="border: 0px #F0F0F0 solid; padding:0px; vertical-align: top; background-color: white"><td style="vertical-align: top; text-align : left; background-color: white; border: 0px #F0F0F0 solid; padding:0px 4px 0px 4px; white-space: nowrap; background-image: url(tbl_bck100.png)" class="hierarchy"><img src="tbl_spacer.png" alt="." style="background-color: inherit" class="hierarchy"/><img src="tbl_vline.png" alt="." style="background-color: inherit" class="hierarchy"/><img src="tbl_vjoin_end.png" alt="." style="background-color: inherit" class="hierarchy"/><img src="icon_reference.png" alt="." style="background-color: white; background-color: inherit" title="Reference to another Resource" class="hierarchy"/> productReference</td><td style="vertical-align: top; text-align : left; background-color: white; border: 0px #F0F0F0 solid; padding:0px 4px 0px 4px" class="hierarchy"/><td style="vertical-align: top; text-align : left; background-color: white; border: 0px #F0F0F0 solid; padding:0px 4px 0px 4px" class="hierarchy"></td><td style="vertical-align: top; text-align : left; background-color: white; border: 0px #F0F0F0 solid; padding:0px 4px 0px 4px" class="hierarchy"><a href="http://hl7.org/fhir/R4/references.html#Reference">Reference</a>(<a href="http://hl7.org/fhir/R4/medication.html">Medication</a>)</td><td style="vertical-align: top; text-align : left; background-color: white; border: 0px #F0F0F0 solid; padding:0px 4px 0px 4px" class="hierarchy"/></tr>
<tr style="border: 0px #F0F0F0 solid; padding:0px; vertical-align: top; background-color: #F7F7F7"><td style="vertical-align: top; text-align : left; background-color: #F7F7F7; border: 0px #F0F0F0 solid; padding:0px 4px 0px 4px; white-space: nowrap; background-image: url(tbl_bck10.png)" class="hierarchy"><img src="tbl_spacer.png" alt="." style="background-color: inherit" class="hierarchy"/><img src="tbl_vjoin.png" alt="." style="background-color: inherit" class="hierarchy"/><img src="icon_datatype.gif" alt="." style="background-color: #F7F7F7; background-color: inherit" title="Data Type" class="hierarchy"/> <a href="StructureDefinition-BeModelMedicationRecordTreatmentLine-definitions.html#BeModelMedicationRecordTreatmentLine.medicationType" title="What type of medication the product is: hospital, community, preparation, etc">medicationType</a><a name="BeModelMedicationRecordTreatmentLine.medicationType"> </a></td><td style="vertical-align: top; text-align : left; background-color: #F7F7F7; border: 0px #F0F0F0 solid; padding:0px 4px 0px 4px" class="hierarchy"/><td style="vertical-align: top; text-align : left; background-color: #F7F7F7; border: 0px #F0F0F0 solid; padding:0px 4px 0px 4px" class="hierarchy">0..*</td><td style="vertical-align: top; text-align : left; background-color: #F7F7F7; border: 0px #F0F0F0 solid; padding:0px 4px 0px 4px" class="hierarchy"><a href="http://hl7.org/fhir/R4/datatypes.html#CodeableConcept">CodeableConcept</a></td><td style="vertical-align: top; text-align : left; background-color: #F7F7F7; border: 0px #F0F0F0 solid; padding:0px 4px 0px 4px" class="hierarchy">What type of medication the product is: hospital, community, preparation, etc<br/></td></tr>
<tr style="border: 0px #F0F0F0 solid; padding:0px; vertical-align: top; background-color: white"><td style="vertical-align: top; text-align : left; background-color: white; border: 0px #F0F0F0 solid; padding:0px 4px 0px 4px; white-space: nowrap; background-image: url(tbl_bck10.png)" class="hierarchy"><img src="tbl_spacer.png" alt="." style="background-color: inherit" class="hierarchy"/><img src="tbl_vjoin.png" alt="." style="background-color: inherit" class="hierarchy"/><img src="icon_primitive.png" alt="." style="background-color: white; background-color: inherit" title="Primitive Data Type" class="hierarchy"/> <a href="StructureDefinition-BeModelMedicationRecordTreatmentLine-definitions.html#BeModelMedicationRecordTreatmentLine.instructionForUse" title="Full representation of the dosage instructions">instructionForUse</a><a name="BeModelMedicationRecordTreatmentLine.instructionForUse"> </a></td><td style="vertical-align: top; text-align : left; background-color: white; border: 0px #F0F0F0 solid; padding:0px 4px 0px 4px" class="hierarchy"/><td style="vertical-align: top; text-align : left; background-color: white; border: 0px #F0F0F0 solid; padding:0px 4px 0px 4px" class="hierarchy">0..*</td><td style="vertical-align: top; text-align : left; background-color: white; border: 0px #F0F0F0 solid; padding:0px 4px 0px 4px" class="hierarchy"><a href="http://hl7.org/fhir/R4/datatypes.html#string">string</a></td><td style="vertical-align: top; text-align : left; background-color: white; border: 0px #F0F0F0 solid; padding:0px 4px 0px 4px" class="hierarchy">Full representation of the dosage instructions<br/></td></tr>
<tr style="border: 0px #F0F0F0 solid; padding:0px; vertical-align: top; background-color: #F7F7F7"><td style="vertical-align: top; text-align : left; background-color: #F7F7F7; border: 0px #F0F0F0 solid; padding:0px 4px 0px 4px; white-space: nowrap; background-image: url(tbl_bck10.png)" class="hierarchy"><img src="tbl_spacer.png" alt="." style="background-color: inherit" class="hierarchy"/><img src="tbl_vjoin.png" alt="." style="background-color: inherit" class="hierarchy"/><img src="icon_datatype.gif" alt="." style="background-color: #F7F7F7; background-color: inherit" title="Data Type" class="hierarchy"/> <a href="StructureDefinition-BeModelMedicationRecordTreatmentLine-definitions.html#BeModelMedicationRecordTreatmentLine.dosageAmount" title="Quantity to be consumed">dosageAmount</a><a name="BeModelMedicationRecordTreatmentLine.dosageAmount"> </a></td><td style="vertical-align: top; text-align : left; background-color: #F7F7F7; border: 0px #F0F0F0 solid; padding:0px 4px 0px 4px" class="hierarchy"/><td style="vertical-align: top; text-align : left; background-color: #F7F7F7; border: 0px #F0F0F0 solid; padding:0px 4px 0px 4px" class="hierarchy">0..1</td><td style="vertical-align: top; text-align : left; background-color: #F7F7F7; border: 0px #F0F0F0 solid; padding:0px 4px 0px 4px" class="hierarchy"><a href="http://hl7.org/fhir/R4/datatypes.html#CodeableConcept">CodeableConcept</a></td><td style="vertical-align: top; text-align : left; background-color: #F7F7F7; border: 0px #F0F0F0 solid; padding:0px 4px 0px 4px" class="hierarchy">Quantity to be consumed</td></tr>
<tr style="border: 0px #F0F0F0 solid; padding:0px; vertical-align: top; background-color: white"><td style="vertical-align: top; text-align : left; background-color: white; border: 0px #F0F0F0 solid; padding:0px 4px 0px 4px; white-space: nowrap; background-image: url(tbl_bck10.png)" class="hierarchy"><img src="tbl_spacer.png" alt="." style="background-color: inherit" class="hierarchy"/><img src="tbl_vjoin.png" alt="." style="background-color: inherit" class="hierarchy"/><img src="icon_datatype.gif" alt="." style="background-color: white; background-color: inherit" title="Data Type" class="hierarchy"/> <a href="StructureDefinition-BeModelMedicationRecordTreatmentLine-definitions.html#BeModelMedicationRecordTreatmentLine.periodicity" title="Scheduling for the consumption">periodicity</a><a name="BeModelMedicationRecordTreatmentLine.periodicity"> </a></td><td style="vertical-align: top; text-align : left; background-color: white; border: 0px #F0F0F0 solid; padding:0px 4px 0px 4px" class="hierarchy"/><td style="vertical-align: top; text-align : left; background-color: white; border: 0px #F0F0F0 solid; padding:0px 4px 0px 4px" class="hierarchy">0..1</td><td style="vertical-align: top; text-align : left; background-color: white; border: 0px #F0F0F0 solid; padding:0px 4px 0px 4px" class="hierarchy"><a href="http://hl7.org/fhir/R4/datatypes.html#CodeableConcept">CodeableConcept</a></td><td style="vertical-align: top; text-align : left; background-color: white; border: 0px #F0F0F0 solid; padding:0px 4px 0px 4px" class="hierarchy">Scheduling for the consumption</td></tr>
<tr style="border: 0px #F0F0F0 solid; padding:0px; vertical-align: top; background-color: #F7F7F7"><td style="vertical-align: top; text-align : left; background-color: #F7F7F7; border: 0px #F0F0F0 solid; padding:0px 4px 0px 4px; white-space: nowrap; background-image: url(tbl_bck10.png)" class="hierarchy"><img src="tbl_spacer.png" alt="." style="background-color: inherit" class="hierarchy"/><img src="tbl_vjoin.png" alt="." style="background-color: inherit" class="hierarchy"/><img src="icon_datatype.gif" alt="." style="background-color: #F7F7F7; background-color: inherit" title="Data Type" class="hierarchy"/> <a href="StructureDefinition-BeModelMedicationRecordTreatmentLine-definitions.html#BeModelMedicationRecordTreatmentLine.route" title="Route through which the product should consumed">route</a><a name="BeModelMedicationRecordTreatmentLine.route"> </a></td><td style="vertical-align: top; text-align : left; background-color: #F7F7F7; border: 0px #F0F0F0 solid; padding:0px 4px 0px 4px" class="hierarchy"/><td style="vertical-align: top; text-align : left; background-color: #F7F7F7; border: 0px #F0F0F0 solid; padding:0px 4px 0px 4px" class="hierarchy">1..1</td><td style="vertical-align: top; text-align : left; background-color: #F7F7F7; border: 0px #F0F0F0 solid; padding:0px 4px 0px 4px" class="hierarchy"><a href="http://hl7.org/fhir/R4/datatypes.html#CodeableConcept">CodeableConcept</a></td><td style="vertical-align: top; text-align : left; background-color: #F7F7F7; border: 0px #F0F0F0 solid; padding:0px 4px 0px 4px" class="hierarchy">Route through which the product should consumed</td></tr>
<tr style="border: 0px #F0F0F0 solid; padding:0px; vertical-align: top; background-color: white"><td style="vertical-align: top; text-align : left; background-color: white; border: 0px #F0F0F0 solid; padding:0px 4px 0px 4px; white-space: nowrap; background-image: url(tbl_bck10.png)" class="hierarchy"><img src="tbl_spacer.png" alt="." style="background-color: inherit" class="hierarchy"/><img src="tbl_vjoin.png" alt="." style="background-color: inherit" class="hierarchy"/><img src="icon_datatype.gif" alt="." style="background-color: white; background-color: inherit" title="Data Type" class="hierarchy"/> <a href="StructureDefinition-BeModelMedicationRecordTreatmentLine-definitions.html#BeModelMedicationRecordTreatmentLine.dayPeriod" title="Period of the day for consuming the product">dayPeriod</a><a name="BeModelMedicationRecordTreatmentLine.dayPeriod"> </a></td><td style="vertical-align: top; text-align : left; background-color: white; border: 0px #F0F0F0 solid; padding:0px 4px 0px 4px" class="hierarchy"/><td style="vertical-align: top; text-align : left; background-color: white; border: 0px #F0F0F0 solid; padding:0px 4px 0px 4px" class="hierarchy">0..*</td><td style="vertical-align: top; text-align : left; background-color: white; border: 0px #F0F0F0 solid; padding:0px 4px 0px 4px" class="hierarchy"><a href="http://hl7.org/fhir/R4/datatypes.html#CodeableConcept">CodeableConcept</a></td><td style="vertical-align: top; text-align : left; background-color: white; border: 0px #F0F0F0 solid; padding:0px 4px 0px 4px" class="hierarchy">Period of the day for consuming the product<br/></td></tr>
<tr style="border: 0px #F0F0F0 solid; padding:0px; vertical-align: top; background-color: #F7F7F7"><td style="vertical-align: top; text-align : left; background-color: #F7F7F7; border: 0px #F0F0F0 solid; padding:0px 4px 0px 4px; white-space: nowrap; background-image: url(tbl_bck10.png)" class="hierarchy"><img src="tbl_spacer.png" alt="." style="background-color: inherit" class="hierarchy"/><img src="tbl_vjoin.png" alt="." style="background-color: inherit" class="hierarchy"/><img src="icon_datatype.gif" alt="." style="background-color: #F7F7F7; background-color: inherit" title="Data Type" class="hierarchy"/> <a href="StructureDefinition-BeModelMedicationRecordTreatmentLine-definitions.html#BeModelMedicationRecordTreatmentLine.lifecycleStatus" title="Status of the treatment line">lifecycleStatus</a><a name="BeModelMedicationRecordTreatmentLine.lifecycleStatus"> </a></td><td style="vertical-align: top; text-align : left; background-color: #F7F7F7; border: 0px #F0F0F0 solid; padding:0px 4px 0px 4px" class="hierarchy"/><td style="vertical-align: top; text-align : left; background-color: #F7F7F7; border: 0px #F0F0F0 solid; padding:0px 4px 0px 4px" class="hierarchy">1..1</td><td style="vertical-align: top; text-align : left; background-color: #F7F7F7; border: 0px #F0F0F0 solid; padding:0px 4px 0px 4px" class="hierarchy"><a href="http://hl7.org/fhir/R4/datatypes.html#CodeableConcept">CodeableConcept</a></td><td style="vertical-align: top; text-align : left; background-color: #F7F7F7; border: 0px #F0F0F0 solid; padding:0px 4px 0px 4px" class="hierarchy">Status of the treatment line</td></tr>
<tr style="border: 0px #F0F0F0 solid; padding:0px; vertical-align: top; background-color: white"><td style="vertical-align: top; text-align : left; background-color: white; border: 0px #F0F0F0 solid; padding:0px 4px 0px 4px; white-space: nowrap; background-image: url(tbl_bck10.png)" class="hierarchy"><img src="tbl_spacer.png" alt="." style="background-color: inherit" class="hierarchy"/><img src="tbl_vjoin.png" alt="." style="background-color: inherit" class="hierarchy"/><img src="icon_datatype.gif" alt="." style="background-color: white; background-color: inherit" title="Data Type" class="hierarchy"/> <a href="StructureDefinition-BeModelMedicationRecordTreatmentLine-definitions.html#BeModelMedicationRecordTreatmentLine.statusReason" title="Reason the status">statusReason</a><a name="BeModelMedicationRecordTreatmentLine.statusReason"> </a></td><td style="vertical-align: top; text-align : left; background-color: white; border: 0px #F0F0F0 solid; padding:0px 4px 0px 4px" class="hierarchy"/><td style="vertical-align: top; text-align : left; background-color: white; border: 0px #F0F0F0 solid; padding:0px 4px 0px 4px" class="hierarchy">0..*</td><td style="vertical-align: top; text-align : left; background-color: white; border: 0px #F0F0F0 solid; padding:0px 4px 0px 4px" class="hierarchy"><a href="http://hl7.org/fhir/R4/datatypes.html#CodeableConcept">CodeableConcept</a></td><td style="vertical-align: top; text-align : left; background-color: white; border: 0px #F0F0F0 solid; padding:0px 4px 0px 4px" class="hierarchy">Reason the status<br/></td></tr>
<tr style="border: 0px #F0F0F0 solid; padding:0px; vertical-align: top; background-color: #F7F7F7"><td style="vertical-align: top; text-align : left; background-color: #F7F7F7; border: 0px #F0F0F0 solid; padding:0px 4px 0px 4px; white-space: nowrap; background-image: url(tbl_bck10.png)" class="hierarchy"><img src="tbl_spacer.png" alt="." style="background-color: inherit" class="hierarchy"/><img src="tbl_vjoin.png" alt="." style="background-color: inherit" class="hierarchy"/><img src="icon_reference.png" alt="." style="background-color: #F7F7F7; background-color: inherit" title="Reference to another Resource" class="hierarchy"/> <a href="StructureDefinition-BeModelMedicationRecordTreatmentLine-definitions.html#BeModelMedicationRecordTreatmentLine.treatmentPlan" title="Link to the 'parent' treatment - i.e the treatment that this order is derived from, or contriburing to">treatmentPlan</a><a name="BeModelMedicationRecordTreatmentLine.treatmentPlan"> </a></td><td style="vertical-align: top; text-align : left; background-color: #F7F7F7; border: 0px #F0F0F0 solid; padding:0px 4px 0px 4px" class="hierarchy"/><td style="vertical-align: top; text-align : left; background-color: #F7F7F7; border: 0px #F0F0F0 solid; padding:0px 4px 0px 4px" class="hierarchy">0..1</td><td style="vertical-align: top; text-align : left; background-color: #F7F7F7; border: 0px #F0F0F0 solid; padding:0px 4px 0px 4px" class="hierarchy"><a href="http://hl7.org/fhir/R4/references.html">Reference</a>()</td><td style="vertical-align: top; text-align : left; background-color: #F7F7F7; border: 0px #F0F0F0 solid; padding:0px 4px 0px 4px" class="hierarchy">Link to the 'parent' treatment - i.e the treatment that this order is derived from, or contriburing to</td></tr>
<tr style="border: 0px #F0F0F0 solid; padding:0px; vertical-align: top; background-color: white"><td style="vertical-align: top; text-align : left; background-color: white; border: 0px #F0F0F0 solid; padding:0px 4px 0px 4px; white-space: nowrap; background-image: url(tbl_bck00.png)" class="hierarchy"><img src="tbl_spacer.png" alt="." style="background-color: inherit" class="hierarchy"/><img src="tbl_vjoin_end.png" alt="." style="background-color: inherit" class="hierarchy"/><img src="icon_datatype.gif" alt="." style="background-color: white; background-color: inherit" title="Data Type" class="hierarchy"/> <a href="StructureDefinition-BeModelMedicationRecordTreatmentLine-definitions.html#BeModelMedicationRecordTreatmentLine.indication" title="Why the treatment exists">indication</a><a name="BeModelMedicationRecordTreatmentLine.indication"> </a></td><td style="vertical-align: top; text-align : left; background-color: white; border: 0px #F0F0F0 solid; padding:0px 4px 0px 4px" class="hierarchy"/><td style="vertical-align: top; text-align : left; background-color: white; border: 0px #F0F0F0 solid; padding:0px 4px 0px 4px" class="hierarchy">0..*</td><td style="vertical-align: top; text-align : left; background-color: white; border: 0px #F0F0F0 solid; padding:0px 4px 0px 4px" class="hierarchy"><a href="http://hl7.org/fhir/R4/datatypes.html#CodeableConcept">CodeableConcept</a></td><td style="vertical-align: top; text-align : left; background-color: white; border: 0px #F0F0F0 solid; padding:0px 4px 0px 4px" class="hierarchy">Why the treatment exists<br/></td></tr>
<tr><td colspan="5" class="hierarchy"><br/><a href="http://hl7.org/fhir/R4/formats.html#table" title="Legend for this format"><img src="http://hl7.org/fhir/R4/help16.png" alt="doco" style="background-color: inherit"/> Documentation for this format</a></td></tr></table></div></text><url value="http://hl7belgium.org/fhir/riziv-medicationrecord/StructureDefinition/BeModelMedicationRecordTreatmentLine"/><version value="0.1.0-test"/><name value="BeModelMedicationRecordTreatmentLine"/><title value="Medication Record Treatment Line - logical model"/><status value="active"/><date value="2022-04-04T13:17:06+00:00"/><publisher value="HL7 Belgium"/><contact><telecom><system value="url"/><value value="http://hl7belgium.org"/></telecom></contact><description value="A model for representing a Treatment Line."/><jurisdiction><coding><system value="urn:iso:std:iso:3166"/><code value="BE"/></coding></jurisdiction><fhirVersion value="4.0.1"/><mapping><identity value="rim"/><uri value="http://hl7.org/v3"/><name value="RIM Mapping"/></mapping><kind value="logical"/><abstract value="false"/><type value="http://hl7belgium.org/fhir/riziv-medicationrecord/StructureDefinition/BeModelMedicationRecordTreatmentLine"/><baseDefinition value="http://hl7.org/fhir/StructureDefinition/Base"/><derivation value="specialization"/><snapshot><element id="BeModelMedicationRecordTreatmentLine"><path value="BeModelMedicationRecordTreatmentLine"/><short value="Medication Record Treatment Line - logical model"/><definition value="A model for representing a Treatment Line."/><min value="0"/><max value="*"/><base><path value="Base"/><min value="0"/><max value="*"/></base><isModifier value="false"/></element><element id="BeModelMedicationRecordTreatmentLine.identifier"><path value="BeModelMedicationRecordTreatmentLine.identifier"/><short value="The business identifier(s) for the medication treatment Line"/><definition value="The business identifier(s) for the medication treatment Line"/><min value="0"/><max value="1"/><base><path value="BeModelMedicationRecordTreatmentLine.identifier"/><min value="0"/><max value="1"/></base><type><code value="Identifier"/></type></element><element id="BeModelMedicationRecordTreatmentLine.basedOn"><path value="BeModelMedicationRecordTreatmentLine.basedOn"/><short value="The identifier of the treatment from which this line stems"/><definition value="The identifier of the treatment from which this line stems"/><min value="0"/><max value="1"/><base><path value="BeModelMedicationRecordTreatmentLine.basedOn"/><min value="0"/><max value="1"/></base><type><code value="Reference"/><targetProfile value="http://hl7belgium.org/fhir/riziv-medicationrecord/StructureDefinition/BeModelMedicationRecordTreatment"/></type></element><element id="BeModelMedicationRecordTreatmentLine.subject"><path value="BeModelMedicationRecordTreatmentLine.subject"/><short value="For whom this treatment line was created"/><definition value="For whom this treatment line was created"/><min value="1"/><max value="1"/><base><path value="BeModelMedicationRecordTreatmentLine.subject"/><min value="1"/><max value="1"/></base><type><code value="Reference"/><targetProfile value="http://hl7.org/fhir/StructureDefinition/Patient"/></type></element><element id="BeModelMedicationRecordTreatmentLine.recorder"><path value="BeModelMedicationRecordTreatmentLine.recorder"/><short value="Who created this treatment line"/><definition value="Who created this treatment line"/><min value="1"/><max value="1"/><base><path value="BeModelMedicationRecordTreatmentLine.recorder"/><min value="1"/><max value="1"/></base><type><code value="Reference"/><targetProfile value="http://hl7.org/fhir/StructureDefinition/Practitioner"/><targetProfile value="http://hl7.org/fhir/StructureDefinition/Organization"/></type></element><element id="BeModelMedicationRecordTreatmentLine.recordDate"><path value="BeModelMedicationRecordTreatmentLine.recordDate"/><short value="Datetime that the treatment line was created or updated"/><definition value="Datetime that the treatment line was created or updated"/><min value="1"/><max value="1"/><base><path value="BeModelMedicationRecordTreatmentLine.recordDate"/><min value="1"/><max value="1"/></base><type><code value="dateTime"/></type></element><element id="BeModelMedicationRecordTreatmentLine.startMedicationDate"><path value="BeModelMedicationRecordTreatmentLine.startMedicationDate"/><short value="Start date of the medication"/><definition value="Start date of the medication"/><min value="1"/><max value="1"/><base><path value="BeModelMedicationRecordTreatmentLine.startMedicationDate"/><min value="1"/><max value="1"/></base><type><code value="dateTime"/></type></element><element id="BeModelMedicationRecordTreatmentLine.endMedicationDate"><path value="BeModelMedicationRecordTreatmentLine.endMedicationDate"/><short value="End date, if exists, for stopping the medication"/><definition value="End date, if exists, for stopping the medication"/><min value="0"/><max value="1"/><base><path value="BeModelMedicationRecordTreatmentLine.endMedicationDate"/><min value="0"/><max value="1"/></base><type><code value="dateTime"/></type></element><element id="BeModelMedicationRecordTreatmentLine.originType"><path value="BeModelMedicationRecordTreatmentLine.originType"/><short value="From what context this treatment line stems"/><definition value="From what context this treatment line stems, whether is ambulatory prescription, patient request, etc"/><min value="1"/><max value="1"/><base><path value="BeModelMedicationRecordTreatmentLine.originType"/><min value="1"/><max value="1"/></base><type><code value="CodeableConcept"/></type></element><element id="BeModelMedicationRecordTreatmentLine.reaction"><path value="BeModelMedicationRecordTreatmentLine.reaction"/><short value="Reaction to this treatment line"/><definition value="Reaction to this treatment line"/><min value="0"/><max value="*"/><base><path value="BeModelMedicationRecordTreatmentLine.reaction"/><min value="0"/><max value="*"/></base><type><code value="CodeableConcept"/></type></element><element id="BeModelMedicationRecordTreatmentLine.product[x]"><path value="BeModelMedicationRecordTreatmentLine.product[x]"/><short value="Product for which the treatment line refers to"/><definition value="Product for which the treatment line refers to"/><min value="1"/><max value="1"/><base><path value="BeModelMedicationRecordTreatmentLine.product[x]"/><min value="1"/><max value="1"/></base><type><code value="CodeableConcept"/></type><type><code value="Reference"/><targetProfile value="http://hl7.org/fhir/StructureDefinition/Medication"/></type></element><element id="BeModelMedicationRecordTreatmentLine.medicationType"><path value="BeModelMedicationRecordTreatmentLine.medicationType"/><short value="What type of medication the product is: hospital, community, preparation, etc"/><definition value="What type of medication the product is: hospital, community, preparation, etc"/><min value="0"/><max value="*"/><base><path value="BeModelMedicationRecordTreatmentLine.medicationType"/><min value="0"/><max value="*"/></base><type><code value="CodeableConcept"/></type></element><element id="BeModelMedicationRecordTreatmentLine.instructionForUse"><path value="BeModelMedicationRecordTreatmentLine.instructionForUse"/><short value="Full representation of the dosage instructions"/><definition value="Full representation of the dosage instructions"/><min value="0"/><max value="*"/><base><path value="BeModelMedicationRecordTreatmentLine.instructionForUse"/><min value="0"/><max value="*"/></base><type><code value="string"/></type></element><element id="BeModelMedicationRecordTreatmentLine.dosageAmount"><path value="BeModelMedicationRecordTreatmentLine.dosageAmount"/><short value="Quantity to be consumed"/><definition value="Quantity to be consumed"/><min value="0"/><max value="1"/><base><path value="BeModelMedicationRecordTreatmentLine.dosageAmount"/><min value="0"/><max value="1"/></base><type><code value="CodeableConcept"/></type></element><element id="BeModelMedicationRecordTreatmentLine.periodicity"><path value="BeModelMedicationRecordTreatmentLine.periodicity"/><short value="Scheduling for the consumption"/><definition value="Scheduling for the consumption"/><min value="0"/><max value="1"/><base><path value="BeModelMedicationRecordTreatmentLine.periodicity"/><min value="0"/><max value="1"/></base><type><code value="CodeableConcept"/></type></element><element id="BeModelMedicationRecordTreatmentLine.route"><path value="BeModelMedicationRecordTreatmentLine.route"/><short value="Route through which the product should consumed"/><definition value="Route through which the product should consumed"/><min value="1"/><max value="1"/><base><path value="BeModelMedicationRecordTreatmentLine.route"/><min value="1"/><max value="1"/></base><type><code value="CodeableConcept"/></type></element><element id="BeModelMedicationRecordTreatmentLine.dayPeriod"><path value="BeModelMedicationRecordTreatmentLine.dayPeriod"/><short value="Period of the day for consuming the product"/><definition value="Period of the day for consuming the product"/><min value="0"/><max value="*"/><base><path value="BeModelMedicationRecordTreatmentLine.dayPeriod"/><min value="0"/><max value="*"/></base><type><code value="CodeableConcept"/></type></element><element id="BeModelMedicationRecordTreatmentLine.lifecycleStatus"><path value="BeModelMedicationRecordTreatmentLine.lifecycleStatus"/><short value="Status of the treatment line"/><definition value="Status of the treatment line"/><min value="1"/><max value="1"/><base><path value="BeModelMedicationRecordTreatmentLine.lifecycleStatus"/><min value="1"/><max value="1"/></base><type><code value="CodeableConcept"/></type></element><element id="BeModelMedicationRecordTreatmentLine.statusReason"><path value="BeModelMedicationRecordTreatmentLine.statusReason"/><short value="Reason the status"/><definition value="Reason the status"/><min value="0"/><max value="*"/><base><path value="BeModelMedicationRecordTreatmentLine.statusReason"/><min value="0"/><max value="*"/></base><type><code value="CodeableConcept"/></type></element><element id="BeModelMedicationRecordTreatmentLine.treatmentPlan"><path value="BeModelMedicationRecordTreatmentLine.treatmentPlan"/><short value="Link to the 'parent' treatment - i.e the treatment that this order is derived from, or contriburing to"/><definition value="Link to the 'parent' treatment - i.e the treatment that this order is derived from, or contriburing to"/><min value="0"/><max value="1"/><base><path value="BeModelMedicationRecordTreatmentLine.treatmentPlan"/><min value="0"/><max value="1"/></base><type><code value="Reference"/></type></element><element id="BeModelMedicationRecordTreatmentLine.indication"><path value="BeModelMedicationRecordTreatmentLine.indication"/><short value="Why the treatment exists"/><definition value="Why the treatment exists"/><min value="0"/><max value="*"/><base><path value="BeModelMedicationRecordTreatmentLine.indication"/><min value="0"/><max value="*"/></base><type><code value="CodeableConcept"/></type></element></snapshot><differential><element id="BeModelMedicationRecordTreatmentLine"><path value="BeModelMedicationRecordTreatmentLine"/><short value="Medication Record Treatment Line - logical model"/><definition value="A model for representing a Treatment Line."/></element><element id="BeModelMedicationRecordTreatmentLine.identifier"><path value="BeModelMedicationRecordTreatmentLine.identifier"/><short value="The business identifier(s) for the medication treatment Line"/><definition value="The business identifier(s) for the medication treatment Line"/><min value="0"/><max value="1"/><type><code value="Identifier"/></type></element><element id="BeModelMedicationRecordTreatmentLine.basedOn"><path value="BeModelMedicationRecordTreatmentLine.basedOn"/><short value="The identifier of the treatment from which this line stems"/><definition value="The identifier of the treatment from which this line stems"/><min value="0"/><max value="1"/><type><code value="Reference"/><targetProfile value="http://hl7belgium.org/fhir/riziv-medicationrecord/StructureDefinition/BeModelMedicationRecordTreatment"/></type></element><element id="BeModelMedicationRecordTreatmentLine.subject"><path value="BeModelMedicationRecordTreatmentLine.subject"/><short value="For whom this treatment line was created"/><definition value="For whom this treatment line was created"/><min value="1"/><max value="1"/><type><code value="Reference"/><targetProfile value="http://hl7.org/fhir/StructureDefinition/Patient"/></type></element><element id="BeModelMedicationRecordTreatmentLine.recorder"><path value="BeModelMedicationRecordTreatmentLine.recorder"/><short value="Who created this treatment line"/><definition value="Who created this treatment line"/><min value="1"/><max value="1"/><type><code value="Reference"/><targetProfile value="http://hl7.org/fhir/StructureDefinition/Practitioner"/><targetProfile value="http://hl7.org/fhir/StructureDefinition/Organization"/></type></element><element id="BeModelMedicationRecordTreatmentLine.recordDate"><path value="BeModelMedicationRecordTreatmentLine.recordDate"/><short value="Datetime that the treatment line was created or updated"/><definition value="Datetime that the treatment line was created or updated"/><min value="1"/><max value="1"/><type><code value="dateTime"/></type></element><element id="BeModelMedicationRecordTreatmentLine.startMedicationDate"><path value="BeModelMedicationRecordTreatmentLine.startMedicationDate"/><short value="Start date of the medication"/><definition value="Start date of the medication"/><min value="1"/><max value="1"/><type><code value="dateTime"/></type></element><element id="BeModelMedicationRecordTreatmentLine.endMedicationDate"><path value="BeModelMedicationRecordTreatmentLine.endMedicationDate"/><short value="End date, if exists, for stopping the medication"/><definition value="End date, if exists, for stopping the medication"/><min value="0"/><max value="1"/><type><code value="dateTime"/></type></element><element id="BeModelMedicationRecordTreatmentLine.originType"><path value="BeModelMedicationRecordTreatmentLine.originType"/><short value="From what context this treatment line stems"/><definition value="From what context this treatment line stems, whether is ambulatory prescription, patient request, etc"/><min value="1"/><max value="1"/><type><code value="CodeableConcept"/></type></element><element id="BeModelMedicationRecordTreatmentLine.reaction"><path value="BeModelMedicationRecordTreatmentLine.reaction"/><short value="Reaction to this treatment line"/><definition value="Reaction to this treatment line"/><min value="0"/><max value="*"/><type><code value="CodeableConcept"/></type></element><element id="BeModelMedicationRecordTreatmentLine.product[x]"><path value="BeModelMedicationRecordTreatmentLine.product[x]"/><short value="Product for which the treatment line refers to"/><definition value="Product for which the treatment line refers to"/><min value="1"/><max value="1"/><type><code value="CodeableConcept"/></type><type><code value="Reference"/><targetProfile value="http://hl7.org/fhir/StructureDefinition/Medication"/></type></element><element id="BeModelMedicationRecordTreatmentLine.medicationType"><path value="BeModelMedicationRecordTreatmentLine.medicationType"/><short value="What type of medication the product is: hospital, community, preparation, etc"/><definition value="What type of medication the product is: hospital, community, preparation, etc"/><min value="0"/><max value="*"/><type><code value="CodeableConcept"/></type></element><element id="BeModelMedicationRecordTreatmentLine.instructionForUse"><path value="BeModelMedicationRecordTreatmentLine.instructionForUse"/><short value="Full representation of the dosage instructions"/><definition value="Full representation of the dosage instructions"/><min value="0"/><max value="*"/><type><code value="string"/></type></element><element id="BeModelMedicationRecordTreatmentLine.dosageAmount"><path value="BeModelMedicationRecordTreatmentLine.dosageAmount"/><short value="Quantity to be consumed"/><definition value="Quantity to be consumed"/><min value="0"/><max value="1"/><type><code value="CodeableConcept"/></type></element><element id="BeModelMedicationRecordTreatmentLine.periodicity"><path value="BeModelMedicationRecordTreatmentLine.periodicity"/><short value="Scheduling for the consumption"/><definition value="Scheduling for the consumption"/><min value="0"/><max value="1"/><type><code value="CodeableConcept"/></type></element><element id="BeModelMedicationRecordTreatmentLine.route"><path value="BeModelMedicationRecordTreatmentLine.route"/><short value="Route through which the product should consumed"/><definition value="Route through which the product should consumed"/><min value="1"/><max value="1"/><type><code value="CodeableConcept"/></type></element><element id="BeModelMedicationRecordTreatmentLine.dayPeriod"><path value="BeModelMedicationRecordTreatmentLine.dayPeriod"/><short value="Period of the day for consuming the product"/><definition value="Period of the day for consuming the product"/><min value="0"/><max value="*"/><type><code value="CodeableConcept"/></type></element><element id="BeModelMedicationRecordTreatmentLine.lifecycleStatus"><path value="BeModelMedicationRecordTreatmentLine.lifecycleStatus"/><short value="Status of the treatment line"/><definition value="Status of the treatment line"/><min value="1"/><max value="1"/><type><code value="CodeableConcept"/></type></element><element id="BeModelMedicationRecordTreatmentLine.statusReason"><path value="BeModelMedicationRecordTreatmentLine.statusReason"/><short value="Reason the status"/><definition value="Reason the status"/><min value="0"/><max value="*"/><type><code value="CodeableConcept"/></type></element><element id="BeModelMedicationRecordTreatmentLine.treatmentPlan"><path value="BeModelMedicationRecordTreatmentLine.treatmentPlan"/><short value="Link to the 'parent' treatment - i.e the treatment that this order is derived from, or contriburing to"/><definition value="Link to the 'parent' treatment - i.e the treatment that this order is derived from, or contriburing to"/><min value="0"/><max value="1"/><type><code value="Reference"/></type></element><element id="BeModelMedicationRecordTreatmentLine.indication"><path value="BeModelMedicationRecordTreatmentLine.indication"/><short value="Why the treatment exists"/><definition value="Why the treatment exists"/><min value="0"/><max value="*"/><type><code value="CodeableConcept"/></type></element></differential></StructureDefinition>