{
  "resourceType": "ExampleScenario",
  "id": "example-3-scenario",
  "text": {
    "status": "generated",
    "div": "<div xmlns=\"http://www.w3.org/1999/xhtml\"><p><b>Generated Narrative</b></p><div style=\"display: inline-block; background-color: #d9e0e7; padding: 6px; margin: 4px; border: 1px solid #8da1b4; border-radius: 5px; line-height: 60%\"><p style=\"margin-bottom: 0px\">Resource \"example-3-scenario\" </p></div><p><b>url</b>: <code>http://hl7belgium.org/fhir/riziv-medicationrecord/ExampleScenario/example-3-scenario</code></p><p><b>version</b>: 0.1.0-test</p><p><b>name</b>: DispenseBeforePrescription</p><p><b>status</b>: draft</p><p><b>experimental</b>: false</p><p><b>date</b>: 2019-09-11 12:00:00+0100</p><p><b>publisher</b>: HL7 Belgium</p><p><b>contact</b>: <a href=\"http://hl7belgium.org\">http://hl7belgium.org</a></p><p><b>jurisdiction</b>: Belgium <span style=\"background: LightGoldenRodYellow; margin: 4px; border: 1px solid khaki\"> (unknown#BE)</span></p><blockquote><p><b>actor</b></p><p><b>actorId</b>: PATIENT</p><p><b>type</b>: person</p><p><b>name</b>: Pia Peters</p></blockquote><blockquote><p><b>actor</b></p><p><b>actorId</b>: GP</p><p><b>type</b>: person</p><p><b>name</b>: Dr. Durant</p></blockquote><blockquote><p><b>actor</b></p><p><b>actorId</b>: VAULT</p><p><b>type</b>: entity</p><p><b>name</b>: Vault</p></blockquote><blockquote><p><b>actor</b></p><p><b>actorId</b>: PHARM</p><p><b>type</b>: person</p><p><b>name</b>: Pharmacist</p></blockquote><blockquote><p><b>instance</b></p><p><b>resourceId</b>: 3-dispense</p><p><b>resourceType</b>: MedicationDispense</p><p><b>name</b>: Dispense of product prescribed</p></blockquote><blockquote><p><b>instance</b></p><p><b>resourceId</b>: EB</p><p><b>resourceType</b>: Bundle</p><p><b>name</b>: Empty Bundle</p></blockquote><blockquote><p><b>instance</b></p><p><b>resourceId</b>: 3-treatmentLine</p><p><b>resourceType</b>: MedicationStatement</p><p><b>name</b>: New Treatment Line</p></blockquote><blockquote><p><b>instance</b></p><p><b>resourceId</b>: 3-treatment</p><p><b>resourceType</b>: CarePlan</p><p><b>name</b>: New Treatment</p></blockquote><blockquote><p><b>instance</b></p><p><b>resourceId</b>: 3-prescription</p><p><b>resourceType</b>: MedicationRequest</p><p><b>name</b>: Original Prescription</p></blockquote><blockquote><p><b>instance</b></p><p><b>resourceId</b>: 3-2-dispense</p><p><b>resourceType</b>: MedicationDispense</p><p><b>name</b>: Ancilliary Dispense of a product</p></blockquote><blockquote><p><b>instance</b></p><p><b>resourceId</b>: 3-2-prescription</p><p><b>resourceType</b>: MedicationRequest</p><p><b>name</b>: New Prescription</p></blockquote><blockquote><p><b>process</b></p><p><b>title</b>: Dispense of medication before a existing prescription</p><p><b>description</b>: description</p><p><b>preConditions</b>: After a GP visit, the patient Pia Peters (75 years) is prescribed diclofenac for arthritis.While making the dispense, the pharmacist understands that the patient has a history of stomachal ulcers. Since diclofenac creates stomachal irritations, the pharmacy also dispenses a stomach protector to prevent any case of stomach irritation or bleeding and advises to tell the information to the GP.</p><p><b>postConditions</b>: A new treatment and treatmentLine are created, inside the new treatment line, a prescription and dispense are contained and is possible to see which medication is associated with each.</p><blockquote><p><b>step</b></p><blockquote><p><b>process</b></p><p><b>title</b>: Initial Contact</p></blockquote></blockquote><blockquote><p><b>step</b></p><blockquote><p><b>process</b></p><p><b>title</b>: Treatment resources Creation</p></blockquote></blockquote><blockquote><p><b>step</b></p><blockquote><p><b>process</b></p><p><b>title</b>: Dispense</p></blockquote></blockquote><blockquote><p><b>step</b></p><blockquote><p><b>process</b></p><p><b>title</b>: Treatment Resources Update</p></blockquote></blockquote><blockquote><p><b>step</b></p><blockquote><p><b>process</b></p><p><b>title</b>: Reporting</p></blockquote></blockquote><blockquote><p><b>step</b></p><blockquote><p><b>process</b></p><p><b>title</b>: group 6</p></blockquote></blockquote></blockquote></div>"
  },
  "url": "http://hl7belgium.org/fhir/riziv-medicationrecord/ExampleScenario/example-3-scenario",
  "version": "0.1.0-test",
  "name": "DispenseBeforePrescription",
  "status": "draft",
  "experimental": false,
  "date": "2019-09-11T00:00:00.000+01:00",
  "publisher": "HL7 Belgium",
  "contact": [
    {
      "telecom": [
        {
          "system": "url",
          "value": "http://hl7belgium.org"
        }
      ]
    }
  ],
  "jurisdiction": [
    {
      "coding": [
        {
          "system": "urn:iso:std:iso:3166",
          "code": "BE"
        }
      ]
    }
  ],
  "actor": [
    {
      "actorId": "PATIENT",
      "type": "person",
      "name": "Pia Peters"
    },
    {
      "actorId": "GP",
      "type": "person",
      "name": "Dr. Durant"
    },
    {
      "actorId": "VAULT",
      "type": "entity",
      "name": "Vault"
    },
    {
      "actorId": "PHARM",
      "type": "person",
      "name": "Pharmacist"
    }
  ],
  "instance": [
    {
      "resourceId": "3-dispense",
      "resourceType": "MedicationDispense",
      "name": "Dispense of product prescribed"
    },
    {
      "resourceId": "EB",
      "resourceType": "Bundle",
      "name": "Empty Bundle"
    },
    {
      "resourceId": "3-treatmentLine",
      "resourceType": "MedicationStatement",
      "name": "New Treatment Line"
    },
    {
      "resourceId": "3-treatment",
      "resourceType": "CarePlan",
      "name": "New Treatment"
    },
    {
      "resourceId": "3-prescription",
      "resourceType": "MedicationRequest",
      "name": "Original Prescription"
    },
    {
      "resourceId": "3-2-dispense",
      "resourceType": "MedicationDispense",
      "name": "Ancilliary Dispense of a product"
    },
    {
      "resourceId": "3-2-prescription",
      "resourceType": "MedicationRequest",
      "name": "New Prescription"
    }
  ],
  "process": [
    {
      "title": "Dispense of medication before a existing prescription",
      "description": "description",
      "preConditions": "After a GP visit, the patient Pia Peters (75 years) is prescribed diclofenac for arthritis.While making the dispense, the pharmacist understands that the patient has a history of stomachal ulcers. Since diclofenac creates stomachal irritations, the pharmacy also dispenses a stomach protector to prevent any case of stomach irritation or bleeding and advises to tell the information to the GP.",
      "postConditions": "A new treatment and treatmentLine are created, inside the new treatment line, a prescription and dispense are contained and is possible to see which medication is associated with each.",
      "step": [
        {
          "process": [
            {
              "title": "Initial Contact",
              "step": [
                {
                  "operation": {
                    "number": "1",
                    "name": "Goes to appointment",
                    "initiator": "PATIENT",
                    "receiver": "GP"
                  }
                },
                {
                  "operation": {
                    "number": "2",
                    "name": "Get Patient's Medication",
                    "initiator": "VAULT",
                    "receiver": "GP",
                    "response": {
                      "resourceId": "EB"
                    }
                  }
                },
                {
                  "operation": {
                    "number": "3",
                    "name": "Create new prescription",
                    "initiator": "GP",
                    "receiver": "VAULT",
                    "request": {
                      "resourceId": "3-prescription"
                    }
                  }
                }
              ]
            }
          ]
        },
        {
          "process": [
            {
              "title": "Treatment resources Creation",
              "step": [
                {
                  "operation": {
                    "number": "4",
                    "name": "Create new treatment",
                    "initiator": "VAULT",
                    "receiver": "VAULT",
                    "request": {
                      "resourceId": "3-treatment"
                    }
                  }
                },
                {
                  "operation": {
                    "number": "5",
                    "name": "Create new treatment Line",
                    "initiator": "VAULT",
                    "receiver": "VAULT",
                    "request": {
                      "resourceId": "3-treatmentLine"
                    }
                  }
                }
              ]
            }
          ]
        },
        {
          "process": [
            {
              "title": "Dispense",
              "step": [
                {
                  "operation": {
                    "number": "6",
                    "name": "Get patient's Prescriptions",
                    "initiator": "VAULT",
                    "receiver": "PHARM",
                    "response": {
                      "resourceId": "EB"
                    }
                  }
                },
                {
                  "operation": {
                    "number": "7",
                    "name": "Dispense original dispense",
                    "initiator": "PHARM",
                    "receiver": "VAULT",
                    "request": {
                      "resourceId": "3-dispense"
                    }
                  }
                },
                {
                  "operation": {
                    "number": "8",
                    "name": "Dispense ancilliary product",
                    "initiator": "PHARM",
                    "receiver": "VAULT",
                    "request": {
                      "resourceId": "3-2-dispense"
                    }
                  }
                }
              ]
            }
          ]
        },
        {
          "process": [
            {
              "title": "Treatment Resources Update",
              "step": [
                {
                  "operation": {
                    "number": "9",
                    "name": "update treatment Line?",
                    "initiator": "VAULT",
                    "receiver": "VAULT",
                    "request": {
                      "resourceId": "3-treatmentLine"
                    }
                  }
                }
              ]
            }
          ]
        },
        {
          "process": [
            {
              "title": "Reporting",
              "step": [
                {
                  "operation": {
                    "number": "10",
                    "name": "Report of situation",
                    "initiator": "PHARM",
                    "receiver": "GP"
                  }
                },
                {
                  "operation": {
                    "number": "13",
                    "name": "Create new prescription",
                    "initiator": "GP",
                    "receiver": "VAULT",
                    "response": {
                      "resourceId": "3-2-prescription"
                    }
                  }
                }
              ]
            }
          ]
        },
        {
          "process": [
            {
              "title": "group 6",
              "step": [
                {
                  "operation": {
                    "number": "14",
                    "name": "Create new treatment?",
                    "initiator": "VAULT",
                    "receiver": "VAULT",
                    "request": {
                      "resourceId": "3-treatment"
                    }
                  }
                },
                {
                  "operation": {
                    "number": "15",
                    "name": "Create new treatment Line?",
                    "initiator": "VAULT",
                    "receiver": "VAULT",
                    "request": {
                      "resourceId": "3-treatmentLine"
                    }
                  }
                }
              ]
            }
          ]
        }
      ]
    }
  ]
}