{
  "resourceType": "MedicationDispense",
  "id": "Dafalgan500mgDispense",
  "text": {
    "status": "generated",
    "div": "<div xmlns=\"http://www.w3.org/1999/xhtml\"><p><b>Generated Narrative</b></p><div style=\"display: inline-block; background-color: #d9e0e7; padding: 6px; margin: 4px; border: 1px solid #8da1b4; border-radius: 5px; line-height: 60%\"><p style=\"margin-bottom: 0px\">Resource \"Dafalgan500mgDispense\" </p></div><p><b>status</b>: active</p><p><b>medication</b>: Paracetamol Eg 500mg Filmomh Tabl 120 Blister <span style=\"background: LightGoldenRodYellow; margin: 4px; border: 1px solid khaki\"> ([not stated]#4185898)</span></p><p><b>subject</b>: <a href=\"Patient1\">Patient1</a></p><p><b>whenHandedOver</b>: 2022-01-01</p></div>"
  },
  "status": "active",
  "medicationCodeableConcept": {
    "coding": [
      {
        "code": "4185898",
        "display": "Paracetamol Eg 500mg Filmomh Tabl 120 Blister"
      }
    ]
  },
  "subject": {
    "reference": "Patient1"
  },
  "whenHandedOver": "2022-01-01",
  "dosageInstruction": [
    {
      "timing": {
        "repeat": {
          "when": [
            "CM"
          ]
        }
      },
      "doseAndRate": [
        {
          "doseQuantity": {
            "value": 1
          }
        }
      ]
    },
    {
      "timing": {
        "repeat": {
          "when": [
            "CD"
          ]
        }
      },
      "doseAndRate": [
        {
          "doseQuantity": {
            "value": 1
          }
        }
      ]
    },
    {
      "timing": {
        "repeat": {
          "when": [
            "CV"
          ]
        }
      },
      "doseAndRate": [
        {
          "doseQuantity": {
            "value": 1
          }
        }
      ]
    }
  ]
}