<?xml version="1.0" encoding="UTF-8"?><ExampleScenario xmlns="http://hl7.org/fhir"><id value="example-13-scenario"/><url value="http://hl7belgium.org/fhir/riziv-medicationrecord/ExampleScenario/example-13-scenario"/><version value="0.1.0-test"/><name value="MedicationOTC"/><status value="draft"/><experimental value="false"/><date value="2019-09-11T00:00:00.000+01:00"/><publisher value="HL7 Belgium"/><contact><telecom><system value="url"/><value value="http://hl7belgium.org"/></telecom></contact><jurisdiction><coding><system value="urn:iso:std:iso:3166"/><code value="BE"/></coding></jurisdiction><actor><actorId value="PATIENT"/><type value="person"/><name value="Pia Peters"/></actor><actor><actorId value="PHARM"/><type value="person"/><name value="Pharmacist"/></actor><actor><actorId value="VAULT"/><type value="entity"/><name value="Vault"/></actor><instance><resourceId value="EB"/><resourceType value="Bundle"/><name value="Empty Bundle"/></instance><instance><resourceId value="13-treatmentLine"/><resourceType value="MedicationStatement"/><name value="New Treatment Line based on prescription"/></instance><instance><resourceId value="13-treatment"/><resourceType value="CarePlan"/><name value="New Treatment based on prescription"/></instance><instance><resourceId value="13-dispense"/><resourceType value="MedicationDispense"/><name value="Dispense"/></instance><instance><resourceId value="13-dispense-2"/><resourceType value="MedicationDispense"/><name value=" Dispense 2"/></instance><instance><resourceId value="13-dispense-3"/><resourceType value="MedicationDispense"/><name value=" Dispense 3"/></instance><process><title value="Dispense of OTC medication on the community pharmacy"/><description value="description"/><preConditions value="The patient Pia Peters goes to the pharmacy with a complaint of headache. The pharmacist, dispenses ibruprofen 200 mg. After a few months, another minor headache appears and the patient repeats the procedure, receveing this time parecetamol 500 mg. The following year, the same situation repeats, receiving this time another ibuprofen."/><postConditions value="How the treatments and treatment line behave with OTC dispenses without prescription and for the same condition"/><step><process><title value="Initial Contact"/><step><operation><number value="1"/><name value="Goes to Pharmacy"/><initiator value="PATIENT"/><receiver value="PHARM"/></operation></step><step><operation><number value="2"/><name value="Get Patient's Medication"/><initiator value="VAULT"/><receiver value="PHARM"/><response><resourceId value="EB"/></response></operation></step></process></step><step><process><title value="First Dispense"/><step><operation><number value="3"/><name value="Dispense a product"/><initiator value="PHARM"/><receiver value="VAULT"/><request><resourceId value="13-dispense"/></request></operation></step></process></step><step><process><title value="Treatment resources Creation"/><step><operation><number value="4"/><name value="Create new treatment"/><initiator value="VAULT"/><receiver value="VAULT"/><request><resourceId value="13-treatment"/></request></operation></step><step><operation><number value="5"/><name value="Create new treatment Line"/><initiator value="VAULT"/><receiver value="VAULT"/><request><resourceId value="13-treatmentLine"/></request></operation></step></process></step><step><process><title value="Second Dispense"/><step><operation><number value="6"/><name value="Dispense another product"/><initiator value="PHARM"/><receiver value="VAULT"/><request><resourceId value="13-2-dispense"/></request></operation></step></process></step><step><process><title value="New Treatment resources Creation"/><step><operation><number value="7"/><name value="Create new treatment"/><initiator value="VAULT"/><receiver value="VAULT"/><request><resourceId value="13-treatment"/></request></operation></step><step><operation><number value="8"/><name value="Create new treatment Line"/><initiator value="VAULT"/><receiver value="VAULT"/><request><resourceId value="13-treatmentLine"/></request></operation></step></process></step><step><process><title value="Third Dispense"/><step><operation><number value="9"/><name value="Dispense another product"/><initiator value="PHARM"/><receiver value="VAULT"/><request><resourceId value="13-3-dispense"/></request></operation></step></process></step><step><process><title value="Treatment resources Creation"/><step><operation><number value="10"/><name value="Create new treatment"/><initiator value="VAULT"/><receiver value="VAULT"/><request><resourceId value="13-treatment"/></request></operation></step><step><operation><number value="11"/><name value="Create new treatment Line"/><initiator value="VAULT"/><receiver value="VAULT"/><request><resourceId value="13-treatmentLine"/></request></operation></step></process></step></process></ExampleScenario>