<?xml version="1.0" encoding="UTF-8"?><ExampleScenario xmlns="http://hl7.org/fhir"><id value="example-4-scenario"/><url value="http://hl7belgium.org/fhir/riziv-medicationrecord/ExampleScenario/example-4-scenario"/><version value="0.1.0-test"/><name value="DispensePrescriptionAndIsolatedDispense"/><status value="draft"/><experimental value="false"/><date value="2019-09-11T00:00:00.000+01:00"/><publisher value="HL7 Belgium"/><contact><telecom><system value="url"/><value value="http://hl7belgium.org"/></telecom></contact><jurisdiction><coding><system value="urn:iso:std:iso:3166"/><code value="BE"/></coding></jurisdiction><actor><actorId value="PATIENT"/><type value="person"/><name value="Pia Peters"/></actor><actor><actorId value="GP"/><type value="person"/><name value="Dr. Durant"/></actor><actor><actorId value="VAULT"/><type value="entity"/><name value="Vault"/></actor><actor><actorId value="PHARM"/><type value="person"/><name value="Pharmacist"/></actor><instance><resourceId value="4-1-dispense"/><resourceType value="MedicationDispense"/><name value="Dispense for Prescription"/></instance><instance><resourceId value="4-1-prescription"/><resourceType value="MedicationRequest"/><name value="New prescription"/></instance><instance><resourceId value="4-2-dispense"/><resourceType value="MedicationDispense"/><name value="Isolated dispense"/></instance><instance><resourceId value="EB"/><resourceType value="Bundle"/><name value="Empty Bundle"/></instance><instance><resourceId value="4-1-treatmentLine"/><resourceType value="MedicationStatement"/><name value="New Treatment Line based on prescription"/></instance><instance><resourceId value="4-1-treatment"/><resourceType value="CarePlan"/><name value="New Treatment based on prescription"/></instance><instance><resourceId value="4-2-treatmentLine"/><resourceType value="MedicationStatement"/><name value="New Treatment Line based on dispense"/></instance><instance><resourceId value="4-2-treatment"/><resourceType value="CarePlan"/><name value="New Treatment based on dispense"/></instance><process><title value="Dispense of prescribed medication, and dispense of a product that can be done without a prescription"/><description value="description"/><preConditions value="The patient visits their GP and is prescribed Rosuvastatin 10 mg cp for cholesterol. After reaching the pharmacy, Crestor 10 is dispensed facing that prescription. Additionally, Dafalgan compr. 20x 500mg (OTC) is also dispensed due to a complaint of a minor toothache."/><postConditions value="This should result in two treatment lines. One with prescription and dispense and one with only dispense."/><step><process><title value="Initial contact"/><step><operation><number value="1"/><name value="Goes to appointment"/><initiator value="PATIENT"/><receiver value="GP"/></operation></step><step><operation><number value="2"/><name value="Get Patient's Medication"/><initiator value="VAULT"/><receiver value="GP"/><response><resourceId value="EB"/></response></operation></step><step><operation><number value="3"/><name value="Create new prescription"/><initiator value="GP"/><receiver value="VAULT"/><request><resourceId value="4-1-prescription"/></request></operation></step></process></step><step><process><title value="Treatment resources Creation"/><step><operation><number value="4"/><name value="Create new treatment"/><initiator value="VAULT"/><receiver value="VAULT"/><request><resourceId value="4-1-treatment"/></request></operation></step><step><operation><number value="5"/><name value="Create new treatment Line"/><initiator value="VAULT"/><receiver value="VAULT"/><request><resourceId value="4-1-treatmentLine"/></request></operation></step><step><operation><number value="6"/><name value="Create new Provenance"/><initiator value="VAULT"/><receiver value="VAULT"/><request><resourceId value="4-1-provenance"/></request></operation></step></process></step><step><process><title value="Dispense"/><step><operation><number value="6"/><name value="Get patient's Prescriptions"/><initiator value="VAULT"/><receiver value="PHARM"/><response><resourceId value="EB"/></response></operation></step><step><operation><number value="7"/><name value="Dispense new product"/><initiator value="PHARM"/><receiver value="VAULT"/><request><resourceId value="4-1-dispense"/></request></operation></step></process></step><step><process><title value="Resource Linking"/><step><operation><number value="8"/><name value="Create new provenance"/><initiator value="VAULT"/><receiver value="VAULT"/><request><resourceId value="4-2-provenance"/></request></operation></step></process></step><step><process><title value="Second dispense"/><step><operation><number value="9"/><name value="Additional dispense"/><initiator value="PHARM"/><receiver value="VAULT"/><request><resourceId value="4-2-dispense"/></request></operation></step></process></step><step><process><title value="New Treatment resources Creation"/><step><operation><number value="10"/><name value="Additional treatment"/><initiator value="VAULT"/><receiver value="VAULT"/><request><resourceId value="4-2-treatment"/></request></operation></step><step><operation><number value="11"/><name value="Additional Treatment Line"/><initiator value="VAULT"/><receiver value="VAULT"/><request><resourceId value="4-2-treatmentLine"/></request></operation></step><step><operation><number value="12"/><name value="Create new Provenance"/><initiator value="VAULT"/><receiver value="VAULT"/><request><resourceId value="4-3-provenance"/></request></operation></step></process></step></process></ExampleScenario>