<?xml version="1.0" encoding="UTF-8"?><ExampleScenario xmlns="http://hl7.org/fhir"><id value="example-8-scenario"/><url value="http://hl7belgium.org/fhir/riziv-medicationrecord/ExampleScenario/example-8-scenario"/><version value="0.1.0-test"/><name value="MedicationStopped"/><status value="draft"/><experimental value="false"/><date value="2019-09-11T00:00:00.000+01:00"/><publisher value="HL7 Belgium"/><contact><telecom><system value="url"/><value value="http://hl7belgium.org"/></telecom></contact><jurisdiction><coding><system value="urn:iso:std:iso:3166"/><code value="BE"/></coding></jurisdiction><actor><actorId value="PATIENT"/><type value="person"/><name value="Pia Peters"/></actor><actor><actorId value="GP"/><type value="person"/><name value="Dr. Durant"/></actor><actor><actorId value="VAULT"/><type value="entity"/><name value="Vault"/></actor><actor><actorId value="PHARM"/><type value="person"/><name value="Pharmacist"/></actor><instance><resourceId value="8-prescription"/><resourceType value="MedicationRequest"/><name value="New prescription"/></instance><instance><resourceId value="EB"/><resourceType value="Bundle"/><name value="Empty Bundle"/></instance><instance><resourceId value="8-treatmentLine"/><resourceType value="MedicationStatement"/><name value="New Treatment Line based on prescription"/></instance><instance><resourceId value="8-treatment"/><resourceType value="CarePlan"/><name value="New Treatment based on prescription"/></instance><instance><resourceId value="8-dispense"/><resourceType value="MedicationDispense"/><name value="Dispense"/></instance><instance><resourceId value="8-administration"/><resourceType value="MedicationAdministration"/><name value="Drug administration"/></instance><instance><resourceId value="8-usage"/><resourceType value="MedicationStatement"/><name value="Report of non taking drug"/></instance><instance><resourceId value="8-1-provenance"/><resourceType value="MedicationStatement"/><name value="Link Prescription and treatmentLine"/></instance><instance><resourceId value="8-2-provenance"/><resourceType value="MedicationStatement"/><name value="Link Dispense and treatmentLine"/></instance><instance><resourceId value="8-3-provenance"/><resourceType value="MedicationStatement"/><name value="Link Adminsitration and treatmentLine"/></instance><instance><resourceId value="8-4-provenance"/><resourceType value="MedicationStatement"/><name value="Link Usage and treatmentLine"/></instance><process><title value="Dispense of medication that was prescribed, but not taken till the end"/><description value="description"/><preConditions value="After a GP visit, the patient Pia Peters is prescribed amoxicillin + clavulanic acid 875 mg + 125 mg for a pharyngitis for the conclusion of the package. The pharmacist, dispensed Amoxiclav Sandoz 875/125.  However, after 1 take, the patient stopped doing the medication because the patient had an alergic reaction.  "/><postConditions value="A grouping of the prescription, dispense, and administration are coupled together within a treatment line, the new prescription should start a new treatment line under the same treatment."/><step><process><title value="Initial contact"/><step><operation><number value="1"/><name value="Goes to appointment"/><initiator value="PATIENT"/><receiver value="GP"/></operation></step><step><operation><number value="2"/><name value="Get Patient's Medication"/><initiator value="VAULT"/><receiver value="GP"/><response><resourceId value="EB"/></response></operation></step><step><operation><number value="3"/><name value="Create new prescription"/><initiator value="GP"/><receiver value="VAULT"/><request><resourceId value="8-prescription"/></request></operation></step></process></step><step><process><title value="Treatment resources Creation"/><step><operation><number value="4"/><name value="Create new treatment"/><initiator value="VAULT"/><receiver value="VAULT"/><request><resourceId value="8-treatment"/></request></operation></step><step><operation><number value="5"/><name value="Create new treatment Line"/><initiator value="VAULT"/><receiver value="VAULT"/><request><resourceId value="8-treatmentLine"/></request></operation></step><step><operation><number value="6"/><name value="Resource Linking"/><initiator value="VAULT"/><receiver value="VAULT"/><request><resourceId value="8-1-provenance"/></request></operation></step></process></step><step><process><title value="Dispense"/><step><operation><number value="7"/><name value="Get patient's Prescriptions"/><initiator value="VAULT"/><receiver value="PHARM"/><response><resourceId value="EB"/></response></operation></step><step><operation><number value="8"/><name value="Dispense"/><initiator value="PHARM"/><receiver value="VAULT"/><request><resourceId value="8-dispense"/></request></operation></step></process></step><step><process><title value="Resource Linking"/><step><operation><number value="9"/><name value="Resource Linking"/><initiator value="VAULT"/><receiver value="VAULT"/><request><resourceId value="8-2-provenance"/></request></operation></step></process></step><step><process><title value="Stop Usage"/><step><operation><number value="10"/><name value="Stopping the taking of drug due to an adverse event"/><initiator value="PATIENT"/><receiver value="VAULT"/><request><resourceId value="8-administration"/></request></operation></step><step><operation><number value="11"/><name value="Report the stopage of the taking"/><initiator value="PATIENT"/><receiver value="VAULT"/><request><resourceId value="8-usage"/></request></operation></step></process></step><step><process><title value="Resource Linking"/><step><operation><number value="12"/><name value="Resource Linking"/><initiator value="VAULT"/><receiver value="VAULT"/><request><resourceId value="8-3-provenance"/></request></operation></step><step><operation><number value="13"/><name value="Resource Linking"/><initiator value="VAULT"/><receiver value="VAULT"/><request><resourceId value="8-4-provenance"/></request></operation></step></process></step></process></ExampleScenario>