<?xml version="1.0" encoding="UTF-8"?><ExampleScenario xmlns="http://hl7.org/fhir"><id value="example-5-scenario"/><url value="http://hl7belgium.org/fhir/riziv-medicationrecord/ExampleScenario/example-5-scenario"/><version value="0.1.0-test"/><name value="DispenseNewBrandOldUnavailable"/><status value="draft"/><experimental value="false"/><date value="2019-09-11T00:00:00.000+01:00"/><publisher value="HL7 Belgium"/><contact><telecom><system value="url"/><value value="http://hl7belgium.org"/></telecom></contact><jurisdiction><coding><system value="urn:iso:std:iso:3166"/><code value="BE"/></coding></jurisdiction><actor><actorId value="PATIENT"/><type value="person"/><name value="Pia Peters"/></actor><actor><actorId value="GP"/><type value="person"/><name value="Dr. Durant"/></actor><actor><actorId value="VAULT"/><type value="entity"/><name value="Vault"/></actor><actor><actorId value="PHARM"/><type value="person"/><name value="Pharmacist"/></actor><instance><resourceId value="5-dispense"/><resourceType value="MedicationDispense"/><name value="Paracetabs Dispense"/></instance><instance><resourceId value="5-prescription"/><resourceType value="MedicationRequest"/><name value="dafalgan prescription"/></instance><instance><resourceId value="EB"/><resourceType value="Bundle"/><name value="Empty Bundle"/></instance><instance><resourceId value="5-treatmentLine"/><resourceType value="MedicationStatement"/><name value="New Treatment Line based on prescription"/></instance><instance><resourceId value="5-treatment"/><resourceType value="CarePlan"/><name value="New Treatment based on prescription"/></instance><instance><resourceId value="5-provenance"/><resourceType value="Provenance"/><name value="Link Prescription and treatmentLine"/></instance><instance><resourceId value="5-2-provenance"/><resourceType value="Provenance"/><name value="Link Dispense and treatmentLine"/></instance><process><title value="Change brand from prescription on dispense because of out of stock"/><description value="description"/><preConditions value="The patient visits their GP and is prescribed dafalgan Forte 1000 mg cp (TID) for headaches. When reaching the pharmacy for dispense, the pharmacy does not have dafalgan Forte now but dispenses Paracetabs Forte 1000 mg instead."/><postConditions value="It is possible to capture that the original prescription was dafalgan but the dispense was Paracetabs"/><step><process><title value="Initial contact"/><step><operation><number value="1"/><name value="Goes to appointment"/><initiator value="PATIENT"/><receiver value="GP"/></operation></step><step><operation><number value="2"/><name value="Get Patient's Medication"/><initiator value="VAULT"/><receiver value="GP"/><response><resourceId value="EB"/></response></operation></step><step><operation><number value="3"/><name value="Create new prescription"/><initiator value="GP"/><receiver value="VAULT"/><request><resourceId value="5-prescription"/></request></operation></step></process></step><step><process><title value="Treatment resources Creation"/><step><operation><number value="4"/><name value="Create new treatment"/><initiator value="VAULT"/><receiver value="VAULT"/><request><resourceId value="5-treatment"/></request></operation></step><step><operation><number value="5"/><name value="Create new treatment Line"/><initiator value="VAULT"/><receiver value="VAULT"/><request><resourceId value="5-treatmentLine"/></request></operation></step><step><operation><number value="6"/><name value="Resource Linking"/><initiator value="VAULT"/><receiver value="VAULT"/><request><resourceId value="5-provenance"/></request></operation></step></process></step><step><process><title value="Dispense"/><step><operation><number value="7"/><name value="Get patient's Prescriptions"/><initiator value="VAULT"/><receiver value="PHARM"/><response><resourceId value="EB"/></response></operation></step><step><operation><number value="8"/><name value="Dispense new product"/><initiator value="PHARM"/><receiver value="VAULT"/><request><resourceId value="5-dispense"/></request></operation></step><step><operation><number value="9"/><name value="Resource Linking"/><initiator value="PHARM"/><receiver value="VAULT"/><request><resourceId value="5-2-provenance"/></request></operation></step></process></step></process></ExampleScenario>