{"resourceType":"ExampleScenario","id":"example-6-scenario","url":"http://hl7belgium.org/fhir/riziv-medicationrecord/ExampleScenario/example-6-scenario","version":"0.1.0-test","name":"RefusalOfDispense","status":"draft","experimental":false,"date":"2019-09-11T00:00:00.000+01:00","publisher":"HL7 Belgium","contact":[{"telecom":[{"system":"url","value":"http://hl7belgium.org"}]}],"jurisdiction":[{"coding":[{"system":"urn:iso:std:iso:3166","code":"BE"}]}],"actor":[{"actorId":"PATIENT","type":"person","name":"Pia Peters"},{"actorId":"GP","type":"person","name":"Dr. Durant"},{"actorId":"VAULT","type":"entity","name":"Vault"},{"actorId":"PHARM","type":"person","name":"Pharmacist"}],"instance":[{"resourceId":"6-prescription","resourceType":"MedicationRequest","name":"New prescription"},{"resourceId":"EB","resourceType":"Bundle","name":"Empty Bundle"},{"resourceId":"6-treatmentLine","resourceType":"MedicationStatement","name":"New Treatment Line based on prescription"},{"resourceId":"6-treatment","resourceType":"CarePlan","name":"New Treatment based on prescription"},{"resourceId":"6-dispense","resourceType":"MedicationDispense","name":"Refused Dispense"}],"process":[{"title":"Refuse the dispense prescribed medication","description":"description","preConditions":"The patient visits their GP and is prescribed ibuprofen 400 mg cp (TID) for headaches. The pharmacist, after a conversation with the patient, got to know that he was doing Tritace (ramipril) 10 mg for hypertension.Since the ibuprofen interacts with ramipril, the pharmacist chose to refuse the dispense of the medication.","postConditions":"It is possible to capture that the original prescription was and that the dispense was refused","step":[{"process":[{"title":"Initial contact","step":[{"operation":{"number":"1","name":"Goes to appointment","initiator":"PATIENT","receiver":"GP"}},{"operation":{"number":"2","name":"Get Patient's Medication","initiator":"VAULT","receiver":"GP","response":{"resourceId":"EB"}}},{"operation":{"number":"3","name":"Create new prescription","initiator":"GP","receiver":"VAULT","request":{"resourceId":"6-prescription"}}}]}]},{"process":[{"title":"Treatment resources Creation","step":[{"operation":{"number":"4","name":"Create new treatment","initiator":"VAULT","receiver":"VAULT","request":{"resourceId":"6-treatment"}}},{"operation":{"number":"5","name":"Create new treatment Line","initiator":"VAULT","receiver":"VAULT","request":{"resourceId":"6-treatmentLine"}}},{"operation":{"number":"6","name":"Create new Provenance","initiator":"VAULT","receiver":"VAULT","request":{"resourceId":"6-provenance"}}}]}]},{"process":[{"title":"Dispense","step":[{"operation":{"number":"7","name":"Get patient's Prescriptions","initiator":"VAULT","receiver":"PHARM","response":{"resourceId":"EB"}}},{"operation":{"number":"7","name":"Refuse Dispense","initiator":"PHARM","receiver":"VAULT","request":{"resourceId":"6-dispense"}}}]}]},{"process":[{"title":"Resource Linking","step":[{"operation":{"number":"8","name":"Create new provenance","initiator":"VAULT","receiver":"VAULT","request":{"resourceId":"6-2-provenance"}}}]}]}]}]}