{"resourceType":"ExampleScenario","id":"example-2-scenario","url":"http://hl7belgium.org/fhir/riziv-medicationrecord/ExampleScenario/example-2-scenario","version":"0.1.0-test","name":"ChangedmedicationDifferentVOSScenario","status":"draft","experimental":false,"date":"2019-09-11T00:00:00.000+01:00","publisher":"HL7 Belgium","contact":[{"telecom":[{"system":"url","value":"http://hl7belgium.org"}]}],"jurisdiction":[{"coding":[{"system":"urn:iso:std:iso:3166","code":"BE"}]}],"actor":[{"actorId":"PATIENT","type":"person","name":"Pia Peters"},{"actorId":"GP","type":"person","name":"Dr. Durant"},{"actorId":"VAULT","type":"entity","name":"Vault"},{"actorId":"PHARM","type":"person","name":"Pharmacist"}],"instance":[{"resourceId":"2a-prescription","resourceType":"MedicationRequest","name":"New Prescription"},{"resourceId":"EB","resourceType":"Bundle","name":"Empty Bundle"},{"resourceId":"2a-treatmentLine","resourceType":"MedicationStatement","name":"New Treatment Line"},{"resourceId":"2a-treatment","resourceType":"CarePlan","name":"New Treatment"},{"resourceId":"2a-dispense","resourceType":"MedicationDispense","name":"New dispense"},{"resourceId":"2-provenance","resourceType":"Provenance","name":"New Provenance"}],"process":[{"title":"Change VOS from prescription on dispense","description":"description","preConditions":"The patient visits their GP and is prescribed paracetamol 1000 mg cp (TID) for headaches. In the pharmacy, the pharmacist understands the the patient has problems swallowing the pill itself, so it trades the 1000 mg strength, for 500 mg and indicates that the patient should take 2x500 mg every 8h and not 1x1000mg every 8 hours.","postConditions":"A new treatment and treatmentLine are created, inside the new treatment line, a prescription and dispense are contained and is possible to see which medication is associated with each","step":[{"process":[{"title":"Initial Contact","step":[{"operation":{"number":"1","name":"Goes to appointment","initiator":"PATIENT","receiver":"GP"}},{"operation":{"number":"2","name":"Get Patient's Medication","initiator":"GP","receiver":"VAULT","response":{"resourceId":"EB"}}},{"operation":{"number":"3","name":"Create new prescription","initiator":"GP","receiver":"VAULT","response":{"resourceId":"2a-prescription"}}}]}]},{"process":[{"title":"Treatment resources Creation","step":[{"operation":{"number":"4","name":"Create new treatment","initiator":"VAULT","receiver":"VAULT","request":{"resourceId":"2a-treatment"}}},{"operation":{"number":"5","name":"Create new treatment Line","initiator":"VAULT","receiver":"VAULT","request":{"resourceId":"2a-treatmentLine"}}},{"operation":{"number":"6","name":"Create new Provenance","initiator":"VAULT","receiver":"VAULT","request":{"resourceId":"2-provenance"}}}]}]},{"process":[{"title":"Dispense","step":[{"operation":{"number":"7","name":"Get patient's Prescriptions","initiator":"VAULT","receiver":"PHARM","request":{"resourceId":"EB"}}},{"operation":{"number":"8","name":"Create new dispense","initiator":"PHARM","receiver":"VAULT","request":{"resourceId":"2a-dispense"}}}]}]},{"process":[{"title":"Resources Update","step":[{"operation":{"number":"9","name":"Create new provenance?","initiator":"VAULT","receiver":"VAULT","request":{"resourceId":"2-2-provenance"}}}]}]}]}]}