{"resourceType":"ExampleScenario","id":"example-3-scenario","url":"http://hl7belgium.org/fhir/riziv-medicationrecord/ExampleScenario/example-3-scenario","version":"0.1.0-test","name":"DispenseBeforePrescription","status":"draft","experimental":false,"date":"2019-09-11T00:00:00.000+01:00","publisher":"HL7 Belgium","contact":[{"telecom":[{"system":"url","value":"http://hl7belgium.org"}]}],"jurisdiction":[{"coding":[{"system":"urn:iso:std:iso:3166","code":"BE"}]}],"actor":[{"actorId":"PATIENT","type":"person","name":"Pia Peters"},{"actorId":"GP","type":"person","name":"Dr. Durant"},{"actorId":"VAULT","type":"entity","name":"Vault"},{"actorId":"PHARM","type":"person","name":"Pharmacist"}],"instance":[{"resourceId":"3-dispense","resourceType":"MedicationDispense","name":"Dispense of product prescribed"},{"resourceId":"EB","resourceType":"Bundle","name":"Empty Bundle"},{"resourceId":"3-treatmentLine","resourceType":"MedicationStatement","name":"New Treatment Line"},{"resourceId":"3-treatment","resourceType":"CarePlan","name":"New Treatment"},{"resourceId":"3-prescription","resourceType":"MedicationRequest","name":"First Prescription"},{"resourceId":"3-2-dispense","resourceType":"MedicationDispense","name":"Dispense of an ancilliary product"},{"resourceId":"3-2-prescription","resourceType":"MedicationRequest","name":"Second Prescription"},{"resourceId":"3-1-provenance","resourceType":"Provenance","name":"Link first Prescription and treatmentLine"},{"resourceId":"3-2-provenance","resourceType":"Provenance","name":"Link first dispense and treatmentLine"},{"resourceId":"3-3-provenance","resourceType":"Provenance","name":"Link second dispense and treatmentLine"},{"resourceId":"3-4-provenance","resourceType":"Provenance","name":"Link second Prescription and treatmentLine"}],"process":[{"title":"Dispense of medication before a existing prescription","description":"description","preConditions":"After a GP visit, the patient Pia Peters (75 years) is prescribed diclofenac for arthritis. While making the dispense, the pharmacist understands that the patient has a history of stomachal ulcers. Since diclofenac creates stomachal irritations, the pharmacy also dispenses a stomach protector to prevent any case of stomach irritation or bleeding and advises to tell the information to the GP.","postConditions":"A new treatment and treatmentLine are created, inside the new treatment line, a prescription and dispense are contained and is possible to see which medication is associated with each.","step":[{"process":[{"title":"Initial Contact","step":[{"operation":{"number":"1","name":"Goes to appointment","initiator":"PATIENT","receiver":"GP"}},{"operation":{"number":"2","name":"Get Patient's Medication","initiator":"VAULT","receiver":"GP","response":{"resourceId":"EB"}}},{"operation":{"number":"3","name":"Create new prescription","initiator":"GP","receiver":"VAULT","request":{"resourceId":"3-prescription"}}}]}]},{"process":[{"title":"Treatment resources Creation","step":[{"operation":{"number":"4","name":"Create new treatment","initiator":"VAULT","receiver":"VAULT","request":{"resourceId":"3-treatment"}}},{"operation":{"number":"5","name":"Create new treatment Line","initiator":"VAULT","receiver":"VAULT","request":{"resourceId":"3-treatmentLine"}}},{"operation":{"number":"6","name":"Resource Linking","initiator":"VAULT","receiver":"VAULT","request":{"resourceId":"3-1-provenance"}}}]}]},{"process":[{"title":"Dispense","step":[{"operation":{"number":"7","name":"Get patient's Prescriptions","initiator":"VAULT","receiver":"PHARM","response":{"resourceId":"EB"}}},{"operation":{"number":"8","name":"Dispense original dispense","initiator":"PHARM","receiver":"VAULT","request":{"resourceId":"3-dispense"}}},{"operation":{"number":"9","name":"Dispense ancilliary product","initiator":"PHARM","receiver":"VAULT","request":{"resourceId":"3-2-dispense"}}}]}]},{"process":[{"title":"Treatment Line Creation and resource Linking","step":[{"operation":{"number":"10","name":"New Treatment Line for anciiliary product","initiator":"VAULT","receiver":"VAULT","request":{"resourceId":"3-treatmentLine"}}},{"operation":{"number":"11","name":"Resource Linking","initiator":"VAULT","receiver":"VAULT","request":{"resourceId":"3-2-provenance"}}},{"operation":{"number":"12","name":"Resource Linking","initiator":"VAULT","receiver":"VAULT","request":{"resourceId":"3-3-provenance"}}}]}]},{"process":[{"title":"Reporting and new dispense","step":[{"operation":{"number":"13","name":"Notification of a dispense","initiator":"PHARM","receiver":"GP"}},{"operation":{"number":"16","name":"Create new prescription","initiator":"GP","receiver":"VAULT","response":{"resourceId":"3-2-prescription"}}}]}]},{"process":[{"title":"Linking","step":[{"operation":{"number":"17","name":"Resource Linking","initiator":"VAULT","receiver":"VAULT","request":{"resourceId":"3-4-provenance"}}}]}]}]}]}