{"resourceType":"ExampleScenario","id":"example-8-scenario","url":"http://hl7belgium.org/fhir/riziv-medicationrecord/ExampleScenario/example-8-scenario","version":"0.1.0-test","name":"MedicationStopped","status":"draft","experimental":false,"date":"2019-09-11T00:00:00.000+01:00","publisher":"HL7 Belgium","contact":[{"telecom":[{"system":"url","value":"http://hl7belgium.org"}]}],"jurisdiction":[{"coding":[{"system":"urn:iso:std:iso:3166","code":"BE"}]}],"actor":[{"actorId":"PATIENT","type":"person","name":"Pia Peters"},{"actorId":"GP","type":"person","name":"Dr. Durant"},{"actorId":"VAULT","type":"entity","name":"Vault"},{"actorId":"PHARM","type":"person","name":"Pharmacist"}],"instance":[{"resourceId":"8-prescription","resourceType":"MedicationRequest","name":"New prescription"},{"resourceId":"EB","resourceType":"Bundle","name":"Empty Bundle"},{"resourceId":"8-treatmentLine","resourceType":"MedicationStatement","name":"New Treatment Line based on prescription"},{"resourceId":"8-treatment","resourceType":"CarePlan","name":"New Treatment based on prescription"},{"resourceId":"8-dispense","resourceType":"MedicationDispense","name":"Dispense"},{"resourceId":"8-administration","resourceType":"MedicationAdministration","name":"Drug administration"},{"resourceId":"8-usage","resourceType":"MedicationStatement","name":"Report of non taking drug"}],"process":[{"title":"Dispense of medication that was prescribed, but not taken till the end","description":"description","preConditions":"After a GP visit, the patient Pia Peters is prescribed amoxicillin + clavulanic acid 875 mg + 125 mg for a pharyngitis for the conclusion of the package. The pharmacist, dispensed Amoxiclav Sandoz 875/125.  However, after 1 take, the patient stopped doing the medication because the patient had an alergic reaction.  ","postConditions":"A grouping of the prescription, dispense, and administration are coupled together within a treatment line, the new prescription should start a new treatment line under the same treatment.","step":[{"process":[{"title":"Initial Contact","step":[{"operation":{"number":"1","name":"Goes to appointment","initiator":"PATIENT","receiver":"GP"}},{"operation":{"number":"2","name":"Get Patient's Medication","initiator":"VAULT","receiver":"GP","response":{"resourceId":"EB"}}},{"operation":{"number":"3","name":"Create new prescription","initiator":"GP","receiver":"VAULT","request":{"resourceId":"8-prescription"}}}]}]},{"process":[{"title":"Treatment resources Creation","step":[{"operation":{"number":"4","name":"Create new treatment","initiator":"VAULT","receiver":"VAULT","request":{"resourceId":"8-treatment"}}},{"operation":{"number":"5","name":"Create new treatment Line","initiator":"VAULT","receiver":"VAULT","request":{"resourceId":"8-treatmentLine"}}},{"operation":{"number":"6","name":"Create Provenance","initiator":"VAULT","receiver":"VAULT","request":{"resourceId":"8-1-provenance"}}}]}]},{"process":[{"title":"Dispense","step":[{"operation":{"number":"7","name":"Get patient's Prescriptions","initiator":"VAULT","receiver":"PHARM","response":{"resourceId":"EB"}}},{"operation":{"number":"8","name":"Dispense","initiator":"PHARM","receiver":"VAULT","request":{"resourceId":"8-dispense"}}}]}]},{"process":[{"title":"Resource Linking","step":[{"operation":{"number":"9","name":"Create new provenance","initiator":"VAULT","receiver":"VAULT","response":{"resourceId":"8-2-provenance"}}},{"operation":{"number":"10","name":"Stopping the taking of drug due to an adverse event","initiator":"PATIENT","receiver":"VAULT","request":{"resourceId":"8-administration"}}},{"operation":{"number":"11","name":"Report the stopage of the taking","initiator":"PATIENT","receiver":"VAULT","request":{"resourceId":"8-usage"}}}]}]},{"process":[{"title":"Resource Linking","step":[{"operation":{"number":"12","name":"Create new provenance for administration","initiator":"VAULT","receiver":"VAULT","response":{"resourceId":"8-3-provenance"}}},{"operation":{"number":"13","name":"Create new provenance for usage","initiator":"VAULT","receiver":"VAULT","response":{"resourceId":"8-4-provenance"}}}]}]}]}]}