{"resourceType":"ExampleScenario","id":"example-1-scenario","url":"http://hl7belgium.org/fhir/riziv-medicationrecord/ExampleScenario/example-1-scenario","version":"0.1.0-test","name":"ChangedmedicationSameVOSScenario","status":"draft","experimental":false,"date":"2019-09-11T00:00:00.000+01:00","publisher":"HL7 Belgium","contact":[{"telecom":[{"system":"url","value":"http://hl7belgium.org"}]}],"jurisdiction":[{"coding":[{"system":"urn:iso:std:iso:3166","code":"BE"}]}],"actor":[{"actorId":"PATIENT","type":"person","name":"Pia Peters"},{"actorId":"GP","type":"person","name":"Dr. Durant"},{"actorId":"VAULT","type":"entity","name":"Vault"},{"actorId":"PHARM","type":"person","name":"Pharmacist"}],"instance":[{"resourceId":"1-prescription","resourceType":"MedicationRequest","name":"New Prescription"},{"resourceId":"EB","resourceType":"Bundle","name":"Empty Bundle"},{"resourceId":"1-treatmentLine","resourceType":"MedicationStatement","name":"New Treatment Line"},{"resourceId":"1-treatment","resourceType":"CarePlan","name":"New Treatment"},{"resourceId":"1-dispense","resourceType":"MedicationDispense","name":"New dispense"},{"resourceId":"1-provenance","resourceType":"Provenance","name":"New Provenance"}],"process":[{"title":"Change Branded Prescription","description":"description","preConditions":"The patient visits their GP and is prescribed Amlor for hypertension. The GP prescribes Amlor, but at the pharmacy there is no Amlor and amlodipin Sandoz is dispensed.","postConditions":"A new treatment and treatment line are created, inside the new treatment line, a prescription and dispense are contained and is possible to see which medication is associated with each.","step":[{"process":[{"title":"Initial Contact","step":[{"operation":{"number":"1","name":"Goes to appointment","initiator":"PATIENT","receiver":"GP"}},{"operation":{"number":"3","name":"Create new prescription","initiator":"GP","receiver":"VAULT","request":{"resourceId":"1-prescription"},"response":{"resourceId":"EB"}}}]}]},{"process":[{"title":"Treatment resources Creation","step":[{"operation":{"number":"4","name":"Create new treatment","initiator":"VAULT","receiver":"VAULT","request":{"resourceId":"1-treatment"}}},{"operation":{"number":"5","name":"Create new treatment Line","initiator":"VAULT","receiver":"VAULT","request":{"resourceId":"1-treatmentLine"}}},{"operation":{"number":"6","name":"Create new Provenance","initiator":"VAULT","receiver":"VAULT","request":{"resourceId":"1-provenance"}}}]}]},{"process":[{"title":"Dispense","step":[{"operation":{"number":"7","name":"Get patient's Prescriptions","initiator":"VAULT","receiver":"PHARM","request":{"resourceId":"EB"}}},{"operation":{"number":"8","name":"Create new dispense","initiator":"PHARM","receiver":"VAULT","request":{"resourceId":"1-dispense"}}}]}]}]}]}