{"resourceType":"ValueSet","id":"be-vs-medication-summary-types","text":{"status":"generated","div":"<div xmlns=\"http://www.w3.org/1999/xhtml\"><ul><li>Include all codes defined in <a href=\"CodeSystem-be-cs-medication-summary-types.html\"><code>http://hl7belgium.org/fhir/riziv-medicationrecord/CodeSystem/be-cs-medication-summary-types</code></a></li></ul></div>"},"url":"http://hl7belgium.org/fhir/riziv-medicationrecord/ValueSet/be-vs-medication-summary-types","version":"0.1.0-test","name":"BeVSMedicationSummaryTypes","title":"Medication Summary Types Value Set","status":"active","date":"2022-03-17T17:34:21+00:00","publisher":"HL7 Belgium","contact":[{"telecom":[{"system":"url","value":"http://hl7belgium.org"}]}],"description":"Valueset -  Medication Summary types","jurisdiction":[{"coding":[{"system":"urn:iso:std:iso:3166","code":"BE"}]}],"compose":{"include":[{"system":"http://hl7belgium.org/fhir/riziv-medicationrecord/CodeSystem/be-cs-medication-summary-types"}]}}