{
  "resourceType": "ExampleScenario",
  "id": "example-4-scenario",
  "text": {
    "status": "generated",
    "div": "<div xmlns=\"http://www.w3.org/1999/xhtml\"><p><b>Generated Narrative</b></p><div style=\"display: inline-block; background-color: #d9e0e7; padding: 6px; margin: 4px; border: 1px solid #8da1b4; border-radius: 5px; line-height: 60%\"><p style=\"margin-bottom: 0px\">Resource \"example-4-scenario\" </p></div><p><b>url</b>: <code>http://hl7belgium.org/fhir/riziv-medicationrecord/ExampleScenario/example-4-scenario</code></p><p><b>version</b>: 0.1.0-test</p><p><b>name</b>: DispensePrescriptionAndIsolatedDispense</p><p><b>status</b>: draft</p><p><b>experimental</b>: false</p><p><b>date</b>: 2019-09-11 12:00:00+0100</p><p><b>publisher</b>: HL7 Belgium</p><p><b>contact</b>: <a href=\"http://hl7belgium.org\">http://hl7belgium.org</a></p><p><b>jurisdiction</b>: Belgium <span style=\"background: LightGoldenRodYellow; margin: 4px; border: 1px solid khaki\"> (unknown#BE)</span></p><blockquote><p><b>actor</b></p><p><b>actorId</b>: PATIENT</p><p><b>type</b>: person</p><p><b>name</b>: Pia Peters</p></blockquote><blockquote><p><b>actor</b></p><p><b>actorId</b>: GP</p><p><b>type</b>: person</p><p><b>name</b>: Dr. Durant</p></blockquote><blockquote><p><b>actor</b></p><p><b>actorId</b>: VAULT</p><p><b>type</b>: entity</p><p><b>name</b>: Vault</p></blockquote><blockquote><p><b>actor</b></p><p><b>actorId</b>: PHARM</p><p><b>type</b>: person</p><p><b>name</b>: Pharmacist</p></blockquote><blockquote><p><b>instance</b></p><p><b>resourceId</b>: 4-1-dispense</p><p><b>resourceType</b>: MedicationDispense</p><p><b>name</b>: Dispense for Prescription</p></blockquote><blockquote><p><b>instance</b></p><p><b>resourceId</b>: 4-1-prescription</p><p><b>resourceType</b>: MedicationRequest</p><p><b>name</b>: New prescription</p></blockquote><blockquote><p><b>instance</b></p><p><b>resourceId</b>: 4-2-dispense</p><p><b>resourceType</b>: MedicationDispense</p><p><b>name</b>: Isolated dispense</p></blockquote><blockquote><p><b>instance</b></p><p><b>resourceId</b>: EB</p><p><b>resourceType</b>: Bundle</p><p><b>name</b>: Empty Bundle</p></blockquote><blockquote><p><b>instance</b></p><p><b>resourceId</b>: 4-1-treatmentLine</p><p><b>resourceType</b>: MedicationStatement</p><p><b>name</b>: New Treatment Line based on prescription</p></blockquote><blockquote><p><b>instance</b></p><p><b>resourceId</b>: 4-1-treatment</p><p><b>resourceType</b>: CarePlan</p><p><b>name</b>: New Treatment based on prescription</p></blockquote><blockquote><p><b>instance</b></p><p><b>resourceId</b>: 4-2-treatmentLine</p><p><b>resourceType</b>: MedicationStatement</p><p><b>name</b>: New Treatment Line based on dispense</p></blockquote><blockquote><p><b>instance</b></p><p><b>resourceId</b>: 4-2-treatment</p><p><b>resourceType</b>: CarePlan</p><p><b>name</b>: New Treatment based on dispense</p></blockquote><blockquote><p><b>instance</b></p><p><b>resourceId</b>: 4-1-provenance</p><p><b>resourceType</b>: Provenance</p><p><b>name</b>: New provenance</p></blockquote><blockquote><p><b>instance</b></p><p><b>resourceId</b>: 4-2-provenance</p><p><b>resourceType</b>: Provenance</p><p><b>name</b>: New provenance</p></blockquote><blockquote><p><b>instance</b></p><p><b>resourceId</b>: 4-3-provenance</p><p><b>resourceType</b>: Provenance</p><p><b>name</b>: New provenance</p></blockquote><blockquote><p><b>process</b></p><p><b>title</b>: Dispense of prescribed medication, and dispense of a product that can be done without a prescription</p><p><b>description</b>: description</p><p><b>preConditions</b>: The patient visits their GP and is prescribed Rosuvastatin 10 mg cp for cholesterol. After reaching the pharmacy, Crestor 10 is dispensed facing that prescription. Additionally, Dafalgan compr. 20x 500mg (OTC) is also dispensed due to a complaint of a minor toothache.</p><p><b>postConditions</b>: This should result in two treatment lines. One with prescription and dispense and one with only dispense.</p><blockquote><p><b>step</b></p><blockquote><p><b>process</b></p><p><b>title</b>: Initial contact</p></blockquote></blockquote><blockquote><p><b>step</b></p><blockquote><p><b>process</b></p><p><b>title</b>: Treatment resources Creation</p></blockquote></blockquote><blockquote><p><b>step</b></p><blockquote><p><b>process</b></p><p><b>title</b>: Dispense</p></blockquote></blockquote><blockquote><p><b>step</b></p><blockquote><p><b>process</b></p><p><b>title</b>: Resource Linking</p></blockquote></blockquote><blockquote><p><b>step</b></p><blockquote><p><b>process</b></p><p><b>title</b>: Second dispense</p></blockquote></blockquote><blockquote><p><b>step</b></p><blockquote><p><b>process</b></p><p><b>title</b>: New Treatment resources Creation</p></blockquote></blockquote></blockquote></div>"
  },
  "url": "http://hl7belgium.org/fhir/riziv-medicationrecord/ExampleScenario/example-4-scenario",
  "version": "0.1.0-test",
  "name": "DispensePrescriptionAndIsolatedDispense",
  "status": "draft",
  "experimental": false,
  "date": "2019-09-11T00:00:00.000+01:00",
  "publisher": "HL7 Belgium",
  "contact": [
    {
      "telecom": [
        {
          "system": "url",
          "value": "http://hl7belgium.org"
        }
      ]
    }
  ],
  "jurisdiction": [
    {
      "coding": [
        {
          "system": "urn:iso:std:iso:3166",
          "code": "BE"
        }
      ]
    }
  ],
  "actor": [
    {
      "actorId": "PATIENT",
      "type": "person",
      "name": "Pia Peters"
    },
    {
      "actorId": "GP",
      "type": "person",
      "name": "Dr. Durant"
    },
    {
      "actorId": "VAULT",
      "type": "entity",
      "name": "Vault"
    },
    {
      "actorId": "PHARM",
      "type": "person",
      "name": "Pharmacist"
    }
  ],
  "instance": [
    {
      "resourceId": "4-1-dispense",
      "resourceType": "MedicationDispense",
      "name": "Dispense for Prescription"
    },
    {
      "resourceId": "4-1-prescription",
      "resourceType": "MedicationRequest",
      "name": "New prescription"
    },
    {
      "resourceId": "4-2-dispense",
      "resourceType": "MedicationDispense",
      "name": "Isolated dispense"
    },
    {
      "resourceId": "EB",
      "resourceType": "Bundle",
      "name": "Empty Bundle"
    },
    {
      "resourceId": "4-1-treatmentLine",
      "resourceType": "MedicationStatement",
      "name": "New Treatment Line based on prescription"
    },
    {
      "resourceId": "4-1-treatment",
      "resourceType": "CarePlan",
      "name": "New Treatment based on prescription"
    },
    {
      "resourceId": "4-2-treatmentLine",
      "resourceType": "MedicationStatement",
      "name": "New Treatment Line based on dispense"
    },
    {
      "resourceId": "4-2-treatment",
      "resourceType": "CarePlan",
      "name": "New Treatment based on dispense"
    },
    {
      "resourceId": "4-1-provenance",
      "resourceType": "Provenance",
      "name": "New provenance"
    },
    {
      "resourceId": "4-2-provenance",
      "resourceType": "Provenance",
      "name": "New provenance"
    },
    {
      "resourceId": "4-3-provenance",
      "resourceType": "Provenance",
      "name": "New provenance"
    }
  ],
  "process": [
    {
      "title": "Dispense of prescribed medication, and dispense of a product that can be done without a prescription",
      "description": "description",
      "preConditions": "The patient visits their GP and is prescribed Rosuvastatin 10 mg cp for cholesterol. After reaching the pharmacy, Crestor 10 is dispensed facing that prescription. Additionally, Dafalgan compr. 20x 500mg (OTC) is also dispensed due to a complaint of a minor toothache.",
      "postConditions": "This should result in two treatment lines. One with prescription and dispense and one with only dispense.",
      "step": [
        {
          "process": [
            {
              "title": "Initial contact",
              "step": [
                {
                  "operation": {
                    "number": "1",
                    "name": "Goes to appointment",
                    "initiator": "PATIENT",
                    "receiver": "GP"
                  }
                },
                {
                  "operation": {
                    "number": "2",
                    "name": "Get Patient's Medication",
                    "initiator": "VAULT",
                    "receiver": "GP",
                    "response": {
                      "resourceId": "EB"
                    }
                  }
                },
                {
                  "operation": {
                    "number": "3",
                    "name": "Create new prescription",
                    "initiator": "GP",
                    "receiver": "VAULT",
                    "request": {
                      "resourceId": "4-1-prescription"
                    }
                  }
                }
              ]
            }
          ]
        },
        {
          "process": [
            {
              "title": "Treatment resources Creation",
              "step": [
                {
                  "operation": {
                    "number": "4",
                    "name": "Create new treatment",
                    "initiator": "VAULT",
                    "receiver": "VAULT",
                    "request": {
                      "resourceId": "4-1-treatment"
                    }
                  }
                },
                {
                  "operation": {
                    "number": "5",
                    "name": "Create new treatment Line",
                    "initiator": "VAULT",
                    "receiver": "VAULT",
                    "request": {
                      "resourceId": "4-1-treatmentLine"
                    }
                  }
                },
                {
                  "operation": {
                    "number": "6",
                    "name": "Create new Provenance",
                    "initiator": "VAULT",
                    "receiver": "VAULT",
                    "request": {
                      "resourceId": "4-1-provenance"
                    }
                  }
                }
              ]
            }
          ]
        },
        {
          "process": [
            {
              "title": "Dispense",
              "step": [
                {
                  "operation": {
                    "number": "6",
                    "name": "Get patient's Prescriptions",
                    "initiator": "VAULT",
                    "receiver": "PHARM",
                    "response": {
                      "resourceId": "EB"
                    }
                  }
                },
                {
                  "operation": {
                    "number": "7",
                    "name": "Dispense new product",
                    "initiator": "PHARM",
                    "receiver": "VAULT",
                    "request": {
                      "resourceId": "4-1-dispense"
                    }
                  }
                }
              ]
            }
          ]
        },
        {
          "process": [
            {
              "title": "Resource Linking",
              "step": [
                {
                  "operation": {
                    "number": "8",
                    "name": "Create new provenance",
                    "initiator": "VAULT",
                    "receiver": "VAULT",
                    "request": {
                      "resourceId": "4-2-provenance"
                    }
                  }
                }
              ]
            }
          ]
        },
        {
          "process": [
            {
              "title": "Second dispense",
              "step": [
                {
                  "operation": {
                    "number": "9",
                    "name": "Additional dispense",
                    "initiator": "PHARM",
                    "receiver": "VAULT",
                    "request": {
                      "resourceId": "4-2-dispense"
                    }
                  }
                }
              ]
            }
          ]
        },
        {
          "process": [
            {
              "title": "New Treatment resources Creation",
              "step": [
                {
                  "operation": {
                    "number": "10",
                    "name": "Additional treatment",
                    "initiator": "VAULT",
                    "receiver": "VAULT",
                    "request": {
                      "resourceId": "4-2-treatment"
                    }
                  }
                },
                {
                  "operation": {
                    "number": "11",
                    "name": "Additional Treatment Line",
                    "initiator": "VAULT",
                    "receiver": "VAULT",
                    "request": {
                      "resourceId": "4-2-treatmentLine"
                    }
                  }
                },
                {
                  "operation": {
                    "number": "12",
                    "name": "Create new Provenance",
                    "initiator": "VAULT",
                    "receiver": "VAULT",
                    "request": {
                      "resourceId": "4-3-provenance"
                    }
                  }
                }
              ]
            }
          ]
        }
      ]
    }
  ]
}