{
  "resourceType": "MedicationRequest",
  "id": "15-prescription",
  "meta": {
    "profile": [
      "http://hl7belgium.org/fhir/riziv-medicationrecord/StructureDefinition/MedRecordOrder"
    ]
  },
  "text": {
    "status": "extensions",
    "div": "<div xmlns=\"http://www.w3.org/1999/xhtml\"><p><b>Generated Narrative</b></p><div style=\"display: inline-block; background-color: #d9e0e7; padding: 6px; margin: 4px; border: 1px solid #8da1b4; border-radius: 5px; line-height: 60%\"><p style=\"margin-bottom: 0px\">Resource \"15-prescription\" </p><p style=\"margin-bottom: 0px\">Profile: <a href=\"StructureDefinition-MedRecordOrder.html\">BeMedRecord Order profile</a></p></div><p><b>Based On</b>: <span></span></p><p><b>Based On Extension</b>: <a href=\"example-15-of-medication-treatmentLine\">example-15-of-medication-treatmentLine</a></p><p><b>identifier</b>: id: 69eb6358-6eb6-40e4-972f-33d22c3392c5</p><p><b>status</b>: active</p><p><b>intent</b>: order</p><p><b>medication</b>: Acidine 75 mg (20 pieces) <span style=\"background: LightGoldenRodYellow; margin: 4px; border: 1px solid khaki\"> (cnk_product_codes#00)</span></p><p><b>subject</b>: <span></span></p><p><b>encounter</b>: <span></span></p><p><b>authoredOn</b>: 2021-08-10 09:00:00+0200</p><p><b>requester</b>: <span>: GP</span></p></div>"
  },
  "extension": [
    {
      "url": "http://hl7.org/fhir/StructureDefinition/event-basedOn",
      "valueReference": {
        "identifier": {
          "system": "http://treatment-identifiers.com",
          "value": "743a5985-dfe3-4806-ae72-36fff1dd5b05"
        }
      }
    },
    {
      "url": "http://hl7belgium.org/fhir/riziv-medicationrecord/StructureDefinition/related-tl",
      "valueReference": {
        "reference": "example-15-of-medication-treatmentLine"
      }
    }
  ],
  "identifier": [
    {
      "system": "http://prescription-identifiers.com",
      "value": "69eb6358-6eb6-40e4-972f-33d22c3392c5"
    }
  ],
  "status": "active",
  "intent": "order",
  "medicationCodeableConcept": {
    "coding": [
      {
        "system": "https://cnk.apb.be/codings/cnk_product_codes",
        "code": "00",
        "display": "Acidine 75 mg (20 pieces)"
      }
    ]
  },
  "subject": {
    "identifier": {
      "system": "https://www.ehealth.fgov.be/standards/fhir/NamingSystem/ssin",
      "value": "64110219106"
    }
  },
  "encounter": {
    "identifier": {
      "system": "http://encounter-identifiers.com",
      "value": "0cf5dc52-28dc-43ce-96d2-3a757526c739"
    }
  },
  "authoredOn": "2021-08-10T09:00:00+02:00",
  "requester": {
    "identifier": {
      "system": "http://physician-identifiers.com",
      "value": "7c121778-5b2b-442d-9314-0a73995ab3dd"
    },
    "display": "GP"
  },
  "dosageInstruction": [
    {
      "timing": {
        "repeat": {
          "frequency": 1,
          "period": 1,
          "periodUnit": "d",
          "dayOfWeek": [
            "wed",
            "thu"
          ],
          "when": [
            "MORN"
          ]
        }
      },
      "route": {
        "coding": [
          {
            "system": "http://snomed.info/sct",
            "code": "26643006",
            "display": "Oral Route"
          }
        ]
      },
      "doseAndRate": [
        {
          "doseQuantity": {
            "value": 1,
            "unit": "TAB",
            "system": "http://terminology.hl7.org/CodeSystem/v3-orderableDrugForm",
            "code": "TAB"
          }
        }
      ]
    }
  ]
}