{
  "resourceType": "MedicationStatement",
  "id": "Dafalgan500mgmix",
  "text": {
    "status": "generated",
    "div": "<div xmlns=\"http://www.w3.org/1999/xhtml\"><p><b>Generated Narrative</b></p><div style=\"display: inline-block; background-color: #d9e0e7; padding: 6px; margin: 4px; border: 1px solid #8da1b4; border-radius: 5px; line-height: 60%\"><p style=\"margin-bottom: 0px\">Resource \"Dafalgan500mgmix\" </p></div><p><b>status</b>: active</p><p><b>medication</b>: Paracetamol 500 mg <span style=\"background: LightGoldenRodYellow; margin: 4px; border: 1px solid khaki\"> ([not stated]#123123123)</span></p><p><b>subject</b>: <a href=\"Patient1\">Patient1</a></p><p><b>effective</b>: 2022-01-01 --&gt; (ongoing)</p><p><b>derivedFrom</b>: </p><ul><li><a href=\"MedicationStatement-Paracetamol500mg1xCV.html\">MedicationStatement/Paracetamol500mg1xCV</a></li><li><a href=\"MedicationStatement-Dafalgan500mg1xmeal.html\">MedicationStatement/Dafalgan500mg1xmeal</a></li></ul></div>"
  },
  "status": "active",
  "medicationCodeableConcept": {
    "coding": [
      {
        "code": "123123123",
        "display": "Paracetamol 500 mg"
      }
    ]
  },
  "subject": {
    "reference": "Patient1"
  },
  "effectivePeriod": {
    "start": "2022-01-01"
  },
  "derivedFrom": [
    {
      "reference": "MedicationStatement/Paracetamol500mg1xCV"
    },
    {
      "reference": "MedicationStatement/Dafalgan500mg1xmeal"
    }
  ],
  "dosage": [
    {
      "timing": {
        "repeat": {
          "when": [
            "CM"
          ]
        }
      },
      "doseAndRate": [
        {
          "doseQuantity": {
            "value": 1
          }
        }
      ]
    },
    {
      "timing": {
        "repeat": {
          "when": [
            "CD"
          ]
        }
      },
      "doseAndRate": [
        {
          "doseQuantity": {
            "value": 1
          }
        }
      ]
    },
    {
      "timing": {
        "repeat": {
          "when": [
            "CV"
          ]
        }
      },
      "doseAndRate": [
        {
          "doseQuantity": {
            "value": 2
          }
        }
      ]
    }
  ]
}